Tag ID#1,Tag ID#2,Date Tagged,R1Date,R2Date,R3Date,dal1,dal2,dal3,R1Tag,R2Tag,R3Tag,TagSite,Site Recap1,Site Recap2,Site Recap3,Site Recap4,Inside/Outside Tagged,Inside/Outside Recap1,Inside/Outside Recap2,Inside/Outside Recap3,Inside/Outside Recap4,Fin Clip ID tagging,Species,SL (mm) Tagged,SL (mm) Recap1,SL (mm) Recap2,SL (mm) Recap3,TL (in) Recap1,TL (in) Recap2,"If recapture, released/kept? Recap1","If recapture, released/kept? Recap2","If recapture, released/kept? Recap3","If recapture, released/kept? Recap4"
52,51,10/24/2012,,,,,,,,,,La Jolla Cove,,,,,Inside,,,,,,kelp bass,270,,,,,,,,,
56,55,10/24/2012,,,,,,,,,,La Jolla Cove,,,,,Inside,,,,,,kelp bass,264,,,,,,,,,
58,57,10/24/2012,,,,,,,,,,La Jolla Cove,,,,,Inside,,,,,,kelp bass,275,,,,,,,,,
60,59,10/24/2012,12/6/2012,,,43,,,2,,,La Jolla Cove,La Jolla Cove,,,,Inside,Inside,,,,,kelp bass,265,262,,,,,"released, tag left in place",,,
63,62,10/24/2012,,,,,,,,,,La Jolla Cove,,,,,Inside,,,,,,kelp bass,250,,,,,,,,,
65,64,10/24/2012,,,,,,,,,,La Jolla Cove,,,,,Inside,,,,,,kelp bass,277,,,,,,,,,
67,66,10/24/2012,10/22/2013,,,,,363,2,,,La Jolla Cove,La Jolla Cove,,,,Inside,Inside,,,,,kelp bass,232,252,,,,,,,,
71,70,10/24/2012,,,,,,,,,,La Jolla Cove,,,,,Inside,,,,,,kelp bass,324,,,,,,,,,
73,72,10/24/2012,,,,,,,,,,La Jolla Cove,,,,,Inside,,,,,,kelp bass,355,,,,,,,,,
75,74,10/24/2012,,,,,,,,,,La Jolla Cove,,,,,Inside,,,,,,kelp bass,402,,,,,,,,,
79,80,10/24/2012,,,,,,,,,,La Jolla Cove,,,,,Inside,,,,,,kelp bass,259,,,,,,,,,
81,82,10/24/2012,,,,,,,,,,La Jolla Cove,,,,,Inside,,,,,,kelp bass,430,,,,,,,,,
84,85,10/24/2012,,,,,,,,,,La Jolla Cove,,,,,Inside,,,,,,kelp bass,294,,,,,,,,,
86,87,10/24/2012,,,,,,,,,,La Jolla Cove,,,,,Inside,,,,,,kelp bass,423,,,,,,,,,
88,89,10/24/2012,6/24/2014,,,,,608,1,,,La Jolla Cove,La Jolla Cove,,,,Inside,Inside,,,,,kelp bass,314,340,,,,,"released, tag left in place",,,
90,91,10/24/2012,,,,,,,,,,La Jolla Cove,,,,,Inside,,,,,,kelp bass,305,,,,,,,,,
92,93,10/24/2012,,,,,,,,,,La Jolla Cove,,,,,Inside,,,,,,kelp bass,358,,,,,,,,,
95,96,10/24/2012,,,,,,,,,,La Jolla Cove,,,,,Inside,,,,,,kelp bass,265,,,,,,,,,
97,98,10/24/2012,,,,,,,,,,La Jolla Cove,,,,,Inside,,,,,,kelp bass,405,,,,,,,,,
99,100,10/24/2012,,,,,,,,,,La Jolla Cove,,,,,Inside,,,,,,kelp bass,298,,,,,,,,,
102,103,10/24/2012,,,,,,,,,,La Jolla Cove,,,,,Inside,,,,,,kelp bass,247,,,,,,,,,
104,105,10/24/2012,,,,,,,,,,La Jolla Cove,,,,,Inside,,,,,,kelp bass,203,,,,,,,,,
106,107,10/24/2012,6/17/2013,,,,,,2,,,La Jolla Cove,La Jolla Cove,,,,Inside,Inside,,,,,kelp bass,282,294,,,,,"released, tag left in place",,,
108,109,10/24/2012,,,,,,,,,,La Jolla Cove,,,,,Inside,,,,,,kelp bass,232,,,,,,,,,
111,112,10/24/2012,,,,,,,,,,La Jolla Cove,,,,,Inside,,,,,,kelp bass,281,,,,,,,,,
114,115,10/24/2012,10/16/2013,,,,,357,2,,,La Jolla Cove,La Jolla Cove,,,,Inside,Inside,,,,,kelp bass,195,207,,,,,"released, tag left in place",,,
116,117,10/24/2012,,,,,,,,,,La Jolla Cove,,,,,Inside,,,,,,kelp bass,242,,,,,,,,,
118,119,10/24/2012,,,,,,,,,,La Jolla Cove,,,,,Inside,,,,,,kelp bass,230,,,,,,,,,
120,121,10/24/2012,,,,,,,,,,La Jolla Cove,,,,,Inside,,,,,,kelp bass,214,,,,,,,,,
122,123,10/24/2012,,,,,,,,,,La Jolla Cove,,,,,Inside,,,,,,kelp bass,240,,,,,,,,,
126,127,10/24/2012,,,,,,,,,,La Jolla Cove,,,,,Inside,,,,,,kelp bass,310,,,,,,,,,
128,129,10/24/2012,,,,,,,,,,La Jolla Cove,,,,,Inside,,,,,,kelp bass,294,,,,,,,,,
130,131,10/24/2012,,,,,,,,,,La Jolla Cove,,,,,Inside,,,,,,kelp bass,283,,,,,,,,,
132,133,10/24/2012,,,,,,,,,,La Jolla Cove,,,,,Inside,,,,,,kelp bass,232,,,,,,,,,
134,135,10/24/2012,,,,,,,,,,La Jolla Cove,,,,,Inside,,,,,,kelp bass,225,,,,,,,,,
136,137,10/24/2012,,,,,,,,,,La Jolla Cove,,,,,Inside,,,,,,kelp bass,247,,,,,,,,,
138,139,10/24/2012,,,,,,,,,,La Jolla Cove,,,,,Inside,,,,,,kelp bass,244,,,,,,,,,
140,141,10/24/2012,,,,,,,,,,La Jolla Cove,,,,,Inside,,,,,,kelp bass,233,,,,,,,,,
142,143,10/24/2012,,,,,,,,,,La Jolla Cove,,,,,Inside,,,,,,kelp bass,286,,,,,,,,,
144,145,10/24/2012,,,,,,,,,,La Jolla Cove,,,,,Inside,,,,,,kelp bass,304,,,,,,,,,
146,147,10/24/2012,7/1/2013,,,,,,2,,,La Jolla Cove,La Jolla,,,,Inside,Outside,,,,,kelp bass,236,244,,,,,,,,
153,154,11/30/2012,,,,,,,,,,La Jolla,,,,,Outside,,,,,,kelp bass,330,,,,,,,,,
155,156,11/30/2012,6/23/2013,,,,,,2,,,La Jolla,La Jolla,,,,Outside,Outside,,,,,kelp bass,248,,,,,,"released, tag left in place",,,
159,160,11/30/2012,,,,,,,,,,La Jolla,,,,,Outside,,,,,,kelp bass,315,,,,,,,,,
162,163,11/30/2012,,,,,,,,,,La Jolla,,,,,Outside,,,,,,kelp bass,279,,,,,,,,,
164,165,11/30/2012,6/23/2013,,,,,,2,,,La Jolla,La Jolla,,,,Outside,Outside,,,,,kelp bass,249,,,,,,"released, tag left in place",,,
170,171,11/30/2012,,,,,,,,,,La Jolla,,,,,Outside,,,,,,kelp bass,332,,,,,,,,,
174,175,11/30/2012,,,,,,,,,,La Jolla,,,,,Outside,,,,,,kelp bass,283,,,,,,,,,
184,185,11/30/2012,,,,,,,,,,La Jolla,,,,,Outside,,,,,,kelp bass,280,,,,,,,,,
186,187,11/30/2012,2/10/2014,,,,,437,2,,,La Jolla,La Jolla,,,,Outside,Outside,,,,,kelp bass,287,,,,,,kept,,,
188,189,11/30/2012,,,,,,,,,,La Jolla,,,,,Outside,,,,,,kelp bass,311,,,,,,,,,
190,191,11/30/2012,,,,,,,,,,La Jolla,,,,,Outside,,,,,,kelp bass,unknown,,,,,,,,,
192,193,11/30/2012,,,,,,,,,,La Jolla,,,,,Outside,,,,,,kelp bass,278,,,,,,,,,
194,195,11/30/2012,,,,,,,,,,La Jolla,,,,,Outside,,,,,,kelp bass,259,,,,,,,,,
196,197,11/30/2012,,,,,,,,,,La Jolla,,,,,Outside,,,,,,kelp bass,337,,,,,,,,,
198,199,11/30/2012,,,,,,,,,,La Jolla,,,,,Outside,,,,,,kelp bass,302,,,,,,,,,
201,202,10/30/2012,,,,,,,,,,La Jolla,,,,,Outside,,,,,,kelp bass,214,,,,,,,,,
203,204,10/30/2012,11/2/2012,,,3,,,2,,,La Jolla,La Jolla,,,,Outside,Outside,,,,,kelp bass,246,246,,,,,"released, tag left in place",,,
205,206,10/30/2012,,,,,,,,,,La Jolla,,,,,Outside,,,,,,kelp bass,212,,,,,,,,,
207,208,10/30/2012,7/1/2013,,,,,,2,,,La Jolla,La Jolla,,,,Outside,Outside,,,,,kelp bass,232,238,,,,,"released, tag left in place",,,
209,210,10/30/2012,,,,,,,,,,La Jolla,,,,,Outside,,,,,,kelp bass,211,,,,,,,,,
211,212,10/30/2012,,,,,,,,,,La Jolla,,,,,Outside,,,,,,kelp bass,310,,,,,,,,,
215,216,10/30/2012,6/5/2014,,,,,583,2,,,La Jolla,La Jolla,,,,Outside,Outside,,,,,kelp bass,200,,,,,,"released, tag left in place",,,
218,219,10/30/2012,,,,,,,,,,La Jolla,,,,,Outside,,,,,,kelp bass,262,,,,,,,,,
220,221,10/30/2012,,,,,,,,,,La Jolla,,,,,Outside,,,,,,kelp bass,221,,,,,,,,,
224,225,10/30/2012,5/22/2014,,,,,569,1,,,La Jolla,La Jolla,,,,Outside,Outside,,,,,kelp bass,355,,,,,,kept,,,
226,227,10/30/2012,,,,,,,,,,La Jolla,,,,,Outside,,,,,,kelp bass,233,,,,,,,,,
229,230,10/30/2012,,,,,,,,,,La Jolla,,,,,Outside,,,,,,kelp bass,250,,,,,,,,,
231,232,10/30/2012,,,,,,,,,,La Jolla,,,,,Outside,,,,,,kelp bass,225,,,,,,,,,
236,237,10/30/2012,,,,,,,,,,La Jolla,,,,,Outside,,,,,,kelp bass,335,,,,,,,,,
238,239,10/30/2012,,,,,,,,,,La Jolla,,,,,Outside,,,,,,kelp bass,285,,,,,,,,,
240,241,10/30/2012,11/2/2012,,,3,,,2,,,La Jolla,La Jolla,,,,Outside,Outside,,,,,kelp bass,229,229,,,,,"released, tag left in place",,,
242,243,10/30/2012,,,,,,,,,,La Jolla,,,,,Outside,,,,,,kelp bass,234,,,,,,,,,
244,245,10/30/2012,,,,,,,,,,La Jolla,,,,,Outside,,,,,,kelp bass,248,,,,,,,,,
247,248,10/30/2012,,,,,,,,,,La Jolla,,,,,Outside,,,,,,kelp bass,229,,,,,,,,,
249,250,10/30/2012,7/1/2013,,,,,,2,,,La Jolla,La Jolla,,,,Outside,Outside,,,,,kelp bass,250,250,,,,,"released, tag left in place",,,
251,252,11/2/2012,,,,,,,,,,La Jolla,,,,,Outside,,,,,,kelp bass,235,,,,,,,,,
253,254,11/2/2012,,,,,,,,,,La Jolla,,,,,Outside,,,,,,kelp bass,343,,,,,,,,,
256,257,11/2/2012,,,,,,,,,,La Jolla,,,,,Outside,,,,,,kelp bass,359,,,,,,,,,
258,259,11/2/2012,,,,,,,,,,La Jolla,,,,,Outside,,,,,,kelp bass,270,,,,,,,,,
261,262,11/2/2012,,,,,,,,,,La Jolla,,,,,Outside,,,,,,kelp bass,288,,,,,,,,,
266,267,11/2/2012,6/17/2013,,,,,,2,,,La Jolla,La Jolla Cove,,,,Outside,Inside,,,,,kelp bass,322,303,,,,,"released, tag left in place",,,
268,269,11/2/2012,,,,,,,,,,La Jolla,,,,,Outside,,,,,,kelp bass,324,,,,,,,,,
271,272,11/2/2012,,,,,,,,,,La Jolla,,,,,Outside,,,,,,kelp bass,290,,,,,,,,,
276,277,10/25/2012,5/12/2013,,,199,,,2,,,Point Loma,Point Loma,,,,Outside,Outside,,,,,kelp bass,249,,,,,,released without tag,,,
281,282,10/25/2012,,,,,,,,,,Point Loma,,,,,Outside,,,,,,kelp bass,330,,,,,,,,,
284,285,10/25/2012,,,,,,,,,,Point Loma,,,,,Outside,,,,,,kelp bass,330,,,,,,,,,
289,290,10/30/2012,,,,,,,,,,La Jolla,,,,,Outside,,,,,,kelp bass,260,,,,,,,,,
291,292,10/30/2012,,,,,,,,,,La Jolla,,,,,Outside,,,,,,kelp bass,203,,,,,,,,,
293,294,10/30/2012,6/24/2014,7/1/2014,,602,609,609,2,2,,La Jolla,La Jolla Cove,La Jolla Cove,,,Outside,Inside,Inside,,,,kelp bass,246,282,,,,,"released, tag left in place","released, tag left in place",,
296,297,10/30/2012,6/2/2014,,,,,580,1,,,La Jolla,La Jolla,,,,Outside,Outside,,,,,kelp bass,231,,,,13,,"released, tag left in place",,,
300,299,10/25/2012,5/26/2014,,,,,578,1,,,Point Loma,Point Loma,,,,Outside,Outside,,,,,kelp bass,253,,,,,,"released, tag left in place",,,
303,302,10/24/2012,4/14/2014,,,,,537,2,,,La Jolla Cove,Mission Bay,,,,Inside,Outside,,,,,kelp bass,223,,,,,,released without tag,,,
305,304,10/24/2012,6/17/2013,,,,,,2,,,La Jolla Cove,La Jolla Cove,,,,Inside,Inside,,,,,kelp bass,205,213,,,,,"released, tag left in place",,,
307,306,10/24/2012,,,,,,,,,,La Jolla Cove,,,,,Inside,,,,,,kelp bass,210,,,,,,,,,
309,308,10/24/2012,,,,,,,,,,La Jolla Cove,,,,,Inside,,,,,,kelp bass,410,,,,,,,,,
311,310,10/24/2012,,,,,,,,,,La Jolla Cove,,,,,Inside,,,,,,kelp bass,305,,,,,,,,,
316,315,10/24/2012,,,,,,,,,,La Jolla Cove,,,,,Inside,,,,,,kelp bass,309,,,,,,,,,
318,317,10/24/2012,,,,,,,,,,La Jolla Cove,,,,,Inside,,,,,,kelp bass,306,,,,,,,,,
321,320,10/24/2012,,,,,,,,,,La Jolla Cove,,,,,Inside,,,,,,barred sand bass,347,,,,,,,,,
325,324,10/24/2012,7/1/2014,,,,,615,2,,,La Jolla Cove,La Jolla Cove,,,,Inside,Inside,,,,,kelp bass,284,299,,,,,"released, tag left in place",,,
326,327,10/24/2012,,,,,,,,,,La Jolla Cove,,,,,Inside,,,,,,kelp bass,259,,,,,,,,,
328,329,10/24/2012,12/6/2012,6/17/2013,,43,236,,2,2,,La Jolla Cove,La Jolla Cove,La Jolla Cove,,,Inside,Inside,Inside,,,,kelp bass,316,323,324,,,,"released, tag left in place","released, tag left in place",,
330,331,10/24/2012,,,,,,,,,,La Jolla Cove,,,,,Inside,,,,,,kelp bass,246,,,,,,,,,
332,333,10/24/2012,,,,,,,,,,La Jolla Cove,,,,,Inside,,,,,,kelp bass,319,,,,,,,,,
334,335,10/24/2012,6/20/2013,,,,,,2,,,La Jolla Cove,La Jolla Cove,,,,Inside,Inside,,,,,kelp bass,243,250,,,,,"released, tag left in place",,,
336,337,10/24/2012,,,,,,,,,,La Jolla Cove,,,,,Inside,,,,,,kelp bass,311,,,,,,,,,
338,339,10/24/2012,10/22/2013,,,,,363,2,,,La Jolla Cove,La Jolla Cove,,,,Inside,Inside,,,,,kelp bass,245,253,,,,,"released, tag left in place",,,
340,341,10/24/2012,,,,,,,,,,La Jolla Cove,,,,,Inside,,,,,,kelp bass,322,,,,,,,,,
344,345,10/24/2012,,,,,,,,,,La Jolla Cove,,,,,Inside,,,,,,kelp bass,273,,,,,,,,,
347,348,10/24/2012,7/1/2013,8/7/2013,,250,287,,2,2,,La Jolla Cove,La Jolla,La Jolla,,,Inside,Outside,Outside,,,,kelp bass,279,279,,,,,"released, tag left in place",released without tag,,
349,350,10/24/2012,6/20/2013,,,,,,2,,,La Jolla Cove,La Jolla Cove,,,,Inside,Inside,,,,,kelp bass,279,286,,,,,"released, tag left in place",,,
401,402,10/24/2012,6/24/2014,7/1/2014,,608,615,615,1,1,,La Jolla Cove,La Jolla Cove,La Jolla Cove,,,Inside,Inside,Inside,,,,kelp bass,302,318,319,,,,"released, tag left in place","released, tag left in place",,
403,404,10/24/2012,,,,,,,,,,La Jolla Cove,,,,,Inside,,,,,,kelp bass,222,,,,,,,,,
407,408,10/24/2012,,,,,,,,,,La Jolla Cove,,,,,Inside,,,,,,kelp bass,245,,,,,,,,,
411,412,10/24/2012,,,,,,,,,,La Jolla Cove,,,,,Inside,,,,,,kelp bass,267,,,,,,,,,
423,422,10/24/2012,,,,,,,,,,La Jolla Cove,,,,,Inside,,,,,,kelp bass,307,,,,,,,,,
425,424,10/24/2012,,,,,,,,,,La Jolla Cove,,,,,Inside,,,,,,kelp bass,203,,,,,,,,,
428,427,10/24/2012,,,,,,,,,,La Jolla Cove,,,,,Inside,,,,,,kelp bass,211,,,,,,,,,
430,429,10/24/2012,7/1/2014,,,,,615,1,,,La Jolla Cove,La Jolla Cove,,,,Inside,Inside,,,,,kelp bass,258,294,,,,,"released, tag left in place",,,
432,431,10/24/2012,,,,,,,,,,La Jolla Cove,,,,,Inside,,,,,,kelp bass,315,,,,,,,,,
434,433,10/24/2012,12/6/2012,6/17/2013,,43,236,,2,2,,La Jolla Cove,La Jolla Cove,La Jolla Cove,,,Inside,Inside,Inside,,,,kelp bass,282,285,285,,,,"released, tag left in place","released, tag left in place",,
436,435,10/24/2012,,,,,,,,,,La Jolla Cove,,,,,Inside,,,,,,kelp bass,305,,,,,,,,,
438,437,10/24/2012,,,,,,,,,,La Jolla Cove,,,,,Inside,,,,,,kelp bass,285,,,,,,,,,
440,439,10/24/2012,12/6/2012,,,43,,,2,,,La Jolla Cove,La Jolla Cove,,,,Inside,Inside,,,,,kelp bass,277,284,,,,,"released, tag left in place",,,
442,441,10/24/2012,,,,,,,,,,La Jolla Cove,,,,,Inside,,,,,,kelp bass,251,,,,,,,,,
444,443,10/24/2012,10/22/2013,7/6/2014,,363,620,620,2,2,,La Jolla Cove,La Jolla Cove,La Jolla,,,Inside,Inside,Outside,,,,kelp bass,204,243,,,,,"released, tag left in place","released, tag left in place",,
446,445,10/24/2012,7/1/2014,,,,,615,2,,,La Jolla Cove,La Jolla Cove,,,,Inside,Inside,,,,,kelp bass,252,,,,,,"released, tag left in place",,,
448,447,10/24/2012,7/1/2014,,,,,615,1,,,La Jolla Cove,La Jolla Cove,,,,Inside,Inside,,,,,kelp bass,261,,,,,,"released, tag left in place",,,
450,449,10/24/2012,,,,,,,,,,La Jolla Cove,,,,,Inside,,,,,,kelp bass,361,,,,,,,,,
452,451,11/2/2012,6/21/2014,,,,,596,1,,,La Jolla,La Jolla,,,,Outside,Outside,,,,,kelp bass,240,,,,,,"released, tag left in place",,,
455,454,11/2/2012,,,,,,,,,,La Jolla,,,,,Outside,,,,,,kelp bass,246,,,,,,,,,
457,456,11/2/2012,,,,,,,,,,La Jolla,,,,,Outside,,,,,,kelp bass,226,,,,,,,,,
459,458,11/2/2012,6/19/2014,7/4/2014,,594,609,609,1,1,,La Jolla,La Jolla,La Jolla,,,Outside,Outside,Outside,,,,kelp bass,256,299,,,,,"released, tag left in place",kept,,
466,465,10/30/2012,,,,,,,,,,La Jolla,,,,,Outside,,,,,,kelp bass,308,,,,,,,,,
470,469,10/30/2012,,,,,,,,,,La Jolla,,,,,Outside,,,,,,kelp bass,245,,,,,,,,,
475,474,10/30/2012,,,,,,,,,,La Jolla,,,,,Outside,,,,,,kelp bass,225,,,,,,,,,
478,477,10/24/2012,,,,,,,,,,La Jolla Cove,,,,,Inside,,,,,,kelp bass,246,,,,,,,,,
480,479,10/24/2012,,,,,,,,,,La Jolla Cove,,,,,Inside,,,,,,kelp bass,255,,,,,,,,,
482,481,10/24/2012,,,,,,,,,,La Jolla Cove,,,,,Inside,,,,,,kelp bass,293,,,,,,,,,
484,483,10/24/2012,,,,,,,,,,La Jolla Cove,,,,,Inside,,,,,,kelp bass,304,,,,,,,,,
486,485,10/24/2012,,,,,,,,,,La Jolla Cove,,,,,Inside,,,,,,kelp bass,246,,,,,,,,,
488,487,10/24/2012,,,,,,,,,,La Jolla Cove,,,,,Inside,,,,,,kelp bass,270,,,,,,,,,
490,489,10/24/2012,6/17/2013,,,,,,2,,,La Jolla Cove,La Jolla Cove,,,,Inside,Inside,,,,,kelp bass,270,272,,,,,"released, tag left in place",,,
492,491,10/24/2012,6/17/2013,10/18/2013,9/17/2014,236,359,693,2,1,1,La Jolla Cove,La Jolla Cove,La Jolla Cove,La Jolla Cove,,Inside,Inside,Inside,Inside,,,kelp bass,275,287,300,317,,,"released, tag left in place","released, tag left in place","released, tag left in place",
494,493,10/24/2012,12/6/2012,,,43,,,2,,,La Jolla Cove,La Jolla Cove,,,,Inside,Inside,,,,,kelp bass,288,285,,,,,"released, tag left in place",,,
496,495,10/24/2012,,,,,,,,,,La Jolla Cove,,,,,Inside,,,,,,kelp bass,215,,,,,,,,,
498,497,10/24/2012,,,,,,,,,,La Jolla Cove,,,,,Inside,,,,,,kelp bass,250,,,,,,,,,
500,499,10/24/2012,12/6/2012,10/16/2013,,43,357,,2,2,,La Jolla Cove,La Jolla Cove,La Jolla Cove,,,Inside,Inside,Inside,,,,kelp bass,290,288,296,,,,"released, tag left in place","released, tag left in place",,
501,502,10/30/2012,7/1/2013,,,,,,2,,,La Jolla,La Jolla,,,,Outside,Outside,,,,,kelp bass,210,213,,,,,"released, tag left in place",,,
503,504,10/30/2012,,,,,,,,,,La Jolla,,,,,Outside,,,,,,kelp bass,247,,,,,,,,,
505,506,10/30/2012,,,,,,,,,,La Jolla,,,,,Outside,,,,,,kelp bass,215,,,,,,,,,
507,508,10/30/2012,11/27/2012,,,28,,,2,,,La Jolla,La Jolla South,,,,Outside,Inside,,,,,kelp bass,219,221,,,,,"released, tag left in place",,,
510,511,10/30/2012,,,,,,,,,,La Jolla,,,,,Outside,,,,,,kelp bass,235,,,,,,,,,
512,513,10/30/2012,,,,,,,,,,La Jolla,,,,,Outside,,,,,,kelp bass,252,,,,,,,,,
515,516,10/30/2012,,,,,,,,,,La Jolla,,,,,Outside,,,,,,kelp bass,211,,,,,,,,,
527,528,10/30/2012,,,,,,,,,,La Jolla,,,,,Outside,,,,,,kelp bass,209,,,,,,,,,
529,530,10/30/2012,,,,,,,,,,La Jolla,,,,,Outside,,,,,,kelp bass,209,,,,,,,,,
531,532,10/30/2012,,,,,,,,,,La Jolla,,,,,Outside,,,,,,kelp bass,254,,,,,,,,,
533,534,10/30/2012,,,,,,,,,,La Jolla,,,,,Outside,,,,,,kelp bass,280,,,,,,,,,
536,537,10/30/2012,7/2/2013,,,,,,2,,,La Jolla,La Jolla,,,,Outside,Outside,,,,,barred sand bass,244,,,,,,kept,,,
539,540,10/30/2012,11/27/2012,,,28,,,2,,,La Jolla,La Jolla South,,,,Outside,Inside,,,,,kelp bass,226,223,,,,,"released, tag left in place",,,
541,542,10/30/2012,,,,,,,,,,La Jolla,,,,,Outside,,,,,,kelp bass,251,,,,,,,,,
543,544,10/30/2012,,,,,,,,,,La Jolla,,,,,Outside,,,,,,kelp bass,308,,,,,,,,,
545,546,10/30/2012,,,,,,,,,,La Jolla,,,,,Outside,,,,,,kelp bass,235,,,,,,,,,
547,548,10/30/2012,,,,,,,,,,La Jolla,,,,,Outside,,,,,,kelp bass,240,,,,,,,,,
549,550,10/30/2012,,,,,,,,,,La Jolla,,,,,Outside,,,,,,kelp bass,223,,,,,,,,,
603,602,10/24/2012,,,,,,,,,,La Jolla Cove,,,,,Inside,,,,,,kelp bass,282,,,,,,,,,
606,605,10/24/2012,,,,,,,,,,La Jolla Cove,,,,,Inside,,,,,,kelp bass,318,,,,,,,,,
608,607,10/24/2012,,,,,,,,,,La Jolla Cove,,,,,Inside,,,,,,kelp bass,395,,,,,,,,,
611,610,10/24/2012,,,,,,,,,,La Jolla Cove,,,,,Inside,,,,,,kelp bass,236,,,,,,,,,
613,612,10/24/2012,,,,,,,,,,La Jolla Cove,,,,,Inside,,,,,,kelp bass,379,,,,,,,,,
615,614,10/24/2012,,,,,,,,,,La Jolla Cove,,,,,Inside,,,,,,kelp bass,267,,,,,,,,,
617,616,10/24/2012,,,,,,,,,,La Jolla Cove,,,,,Inside,,,,,,kelp bass,441,,,,,,,,,
619,618,10/24/2012,,,,,,,,,,La Jolla Cove,,,,,Inside,,,,,,kelp bass,440,,,,,,,,,
621,620,10/24/2012,10/22/2013,,,,,363,2,,,La Jolla Cove,La Jolla Cove,,,,Inside,Inside,,,,,kelp bass,251,280,,,,,"released, tag left in place",,,
623,622,10/24/2012,,,,,,,,,,La Jolla Cove,,,,,Inside,,,,,,kelp bass,293,,,,,,,,,
625,624,10/24/2012,,,,,,,,,,La Jolla Cove,,,,,Inside,,,,,,kelp bass,259,,,,,,,,,
627,626,10/24/2012,,,,,,,,,,La Jolla Cove,,,,,Inside,,,,,,kelp bass,300,,,,,,,,,
631,630,10/24/2012,,,,,,,,,,La Jolla Cove,,,,,Inside,,,,,,kelp bass,240,,,,,,,,,
633,632,10/24/2012,,,,,,,,,,La Jolla Cove,,,,,Inside,,,,,,kelp bass,262,,,,,,,,,
635,634,10/24/2012,,,,,,,,,,La Jolla Cove,,,,,Inside,,,,,,kelp bass,277,,,,,,,,,
637,636,10/24/2012,,,,,,,,,,La Jolla Cove,,,,,Inside,,,,,,kelp bass,297,,,,,,,,,
639,638,10/24/2012,,,,,,,,,,La Jolla Cove,,,,,Inside,,,,,,kelp bass,241,,,,,,,,,
642,641,10/24/2012,6/29/2014,,,,,613,2,,,La Jolla Cove,La Jolla,,,,Inside,Outside,,,,,kelp bass,295,,,,,,"released, tag left in place",,,
644,643,10/24/2012,,,,,,,,,,La Jolla Cove,,,,,Inside,,,,,,kelp bass,320,,,,,,,,,
646,645,10/24/2012,,,,,,,,,,La Jolla Cove,,,,,Inside,,,,,,kelp bass,319,,,,,,,,,
648,647,10/24/2012,,,,,,,,,,La Jolla Cove,,,,,Inside,,,,,,kelp bass,272,,,,,,,,,
650,649,10/24/2012,,,,,,,,,,La Jolla Cove,,,,,Inside,,,,,,kelp bass,299,,,,,,,,,
653,654,10/24/2012,,,,,,,,,,La Jolla Cove,,,,,Inside,,,,,,kelp bass,282,,,,,,,,,
655,656,10/24/2012,,,,,,,,,,La Jolla Cove,,,,,Inside,,,,,,kelp bass,230,,,,,,,,,
657,658,10/24/2012,,,,,,,,,,La Jolla Cove,,,,,Inside,,,,,,kelp bass,247,,,,,,,,,
659,660,10/24/2012,10/18/2013,,,,,359,2,,,La Jolla Cove,La Jolla Cove,,,,Inside,Inside,,,,,kelp bass,283,308,,,,,"released, tag left in place",,,
661,662,10/24/2012,,,,,,,,,,La Jolla Cove,,,,,Inside,,,,,,kelp bass,244,,,,,,,,,
663,664,10/24/2012,,,,,,,,,,La Jolla Cove,,,,,Inside,,,,,,kelp bass,304,,,,,,,,,
667,668,10/24/2012,,,,,,,,,,La Jolla Cove,,,,,Inside,,,,,,kelp bass,365,,,,,,,,,
669,670,10/24/2012,,,,,,,,,,La Jolla Cove,,,,,Inside,,,,,,kelp bass,253,,,,,,,,,
671,672,10/24/2012,,,,,,,,,,La Jolla Cove,,,,,Inside,,,,,,kelp bass,355,,,,,,,,,
674,675,10/24/2012,7/1/2014,,,,,615,2,,,La Jolla Cove,La Jolla Cove,,,,Inside,Inside,,,,,kelp bass,293,338,,,,,"released, tag left in place",,,
676,677,10/24/2012,,,,,,,,,,La Jolla Cove,,,,,Inside,,,,,,kelp bass,284,,,,,,,,,
678,679,10/24/2012,,,,,,,,,,La Jolla Cove,,,,,Inside,,,,,,kelp bass,301,,,,,,,,,
680,681,10/24/2012,,,,,,,,,,La Jolla Cove,,,,,Inside,,,,,,kelp bass,274,,,,,,,,,
682,683,10/24/2012,12/6/2012,,,43,,,2,,,La Jolla Cove,La Jolla Cove,,,,Inside,Inside,,,,,kelp bass,325,320,,,,,"released, tag left in place",,,
684,685,10/24/2012,,,,,,,,,,La Jolla Cove,,,,,Inside,,,,,,kelp bass,258,,,,,,,,,
686,687,10/24/2012,,,,,,,,,,La Jolla Cove,,,,,Inside,,,,,,kelp bass,288,,,,,,,,,
688,689,10/24/2012,,,,,,,,,,La Jolla Cove,,,,,Inside,,,,,,kelp bass,282,,,,,,,,,
690,691,10/24/2012,,,,,,,,,,La Jolla Cove,,,,,Inside,,,,,,kelp bass,264,,,,,,,,,
694,695,10/24/2012,,,,,,,,,,La Jolla Cove,,,,,Inside,,,,,,kelp bass,288,,,,,,,,,
696,697,10/24/2012,10/22/2013,,,,,363,2,,,La Jolla Cove,La Jolla Cove,,,,Inside,Inside,,,,,kelp bass,245,263,,,,,"released, tag left in place",,,
751,752,10/24/2012,,,,,,,,,,La Jolla Cove,,,,,Inside,,,,,,kelp bass,335,,,,,,,,,
753,754,10/24/2012,12/6/2012,,,43,,,,,,La Jolla Cove,La Jolla Cove,,,,Inside,Inside,,,,,kelp bass,353,351,,,,,"released, tag left in place",,,
756,757,10/24/2012,,,,,,,,,,La Jolla Cove,,,,,Inside,,,,,,kelp bass,294,,,,,,,,,
758,759,10/24/2012,,,,,,,,,,La Jolla Cove,,,,,Inside,,,,,,kelp bass,262,,,,,,,,,
760,761,10/24/2012,,,,,,,,,,La Jolla Cove,,,,,Inside,,,,,,kelp bass,303,,,,,,,,,
762,763,10/24/2012,,,,,,,,,,La Jolla Cove,,,,,Inside,,,,,,kelp bass,287,,,,,,,,,
764,765,10/24/2012,,,,,,,,,,La Jolla Cove,,,,,Inside,,,,,,kelp bass,321,,,,,,,,,
768,769,10/24/2012,,,,,,,,,,La Jolla Cove,,,,,Inside,,,,,,kelp bass,300,,,,,,,,,
772,773,10/24/2012,,,,,,,,,,La Jolla Cove,,,,,Inside,,,,,,kelp bass,340,,,,,,,,,
776,777,10/24/2012,,,,,,,,,,La Jolla Cove,,,,,Inside,,,,,,kelp bass,318,,,,,,,,,
778,779,10/24/2012,6/17/2013,,,,,,1,,,La Jolla Cove,La Jolla Cove,,,,Inside,Inside,,,,,kelp bass,268,280,,,,,"released, tag left in place",,,
783,784,10/24/2012,,,,,,,,,,La Jolla Cove,,,,,Inside,,,,,,kelp bass,350,,,,,,,,,
786,787,10/25/2012,,,,,,,,,,Point Loma,,,,,Outside,,,,,,kelp bass,254,,,,,,,,,
788,789,10/25/2012,5/14/2013,,,201,,,2,,,Point Loma,Point Loma,,,,Outside,Outside,,,,,kelp bass,244,,,,,,released without tag,,,
801,802,10/24/2012,,,,,,,,,,La Jolla Cove,,,,,Inside,,,,,,kelp bass,285,,,,,,,,,
804,805,10/24/2012,,,,,,,,,,La Jolla Cove,,,,,Inside,,,,,,kelp bass,208,,,,,,,,,
806,807,10/24/2012,,,,,,,,,,La Jolla Cove,,,,,Inside,,,,,,kelp bass,311,,,,,,,,,
808,809,10/24/2012,6/24/2014,,,,,608,2,,,La Jolla Cove,La Jolla Cove,,,,Inside,Inside,,,,,kelp bass,281,305,,,,,"released, tag left in place",,,
810,811,10/24/2012,12/6/2012,,,43,,,,,,La Jolla Cove,La Jolla Cove,,,,Inside,Inside,,,,,kelp bass,283,279,,,,,"released, tag left in place",,,
812,813,10/24/2012,,,,,,,,,,La Jolla Cove,,,,,Inside,,,,,,kelp bass,263,,,,,,,,,
814,815,10/24/2012,,,,,,,,,,La Jolla Cove,,,,,Inside,,,,,,kelp bass,247,,,,,,,,,
816,817,10/24/2012,,,,,,,,,,La Jolla Cove,,,,,Inside,,,,,,kelp bass,243,,,,,,,,,
818,819,10/24/2012,9/13/2014,,,,,689,1,,,La Jolla Cove,La Jolla,,,,Inside,Outside,,,,,kelp bass,317,,,,,,kept,,,
826,827,10/24/2012,,,,,,,,,,La Jolla Cove,,,,,Inside,,,,,,kelp bass,242,,,,,,,,,
831,832,10/24/2012,,,,,,,,,,La Jolla Cove,,,,,Inside,,,,,,kelp bass,291,,,,,,,,,
833,834,10/24/2012,,,,,,,,,,La Jolla Cove,,,,,Inside,,,,,,kelp bass,282,,,,,,,,,
835,836,10/24/2012,6/24/2014,,,,,608,2,,,La Jolla Cove,La Jolla Cove,,,,Inside,Inside,,,,,kelp bass,246,285,,,,,"released, tag left in place",,,
837,838,10/24/2012,,,,,,,,,,La Jolla Cove,,,,,Inside,,,,,,kelp bass,240,,,,,,,,,
839,840,10/24/2012,,,,,,,,,,La Jolla Cove,,,,,Inside,,,,,,kelp bass,339,,,,,,,,,
841,842,10/24/2012,,,,,,,,,,La Jolla Cove,,,,,Inside,,,,,,kelp bass,255,,,,,,,,,
844,845,10/24/2012,,,,,,,,,,La Jolla Cove,,,,,Inside,,,,,,kelp bass,264,,,,,,,,,
847,848,10/24/2012,,,,,,,,,,La Jolla Cove,,,,,Inside,,,,,,kelp bass,328,,,,,,,,,
848,849,10/22/2013,,,,,,,,,,La Jolla Cove,,,,,Inside,,,,,,kelp bass,377,,,,,,"released, tag left in place",,,
1003,1002,10/24/2012,,,,,,,,,,La Jolla Cove,,,,,Inside,,,,,,kelp bass,225,,,,,,,,,
1005,1004,10/24/2012,6/17/2013,,,,,,2,,,La Jolla Cove,La Jolla Cove,,,,Inside,Inside,,,,,kelp bass,236,243,,,,,"released, tag left in place",,,
1007,1006,10/24/2012,,,,,,,,,,La Jolla Cove,,,,,Inside,,,,,,kelp bass,237,,,,,,,,,
1009,1008,10/24/2012,,,,,,,,,,La Jolla Cove,,,,,Inside,,,,,,kelp bass,339,,,,,,,,,
1011,1010,10/24/2012,12/6/2012,,,43,,,2,,,La Jolla Cove,La Jolla Cove,,,,Inside,Inside,,,,,kelp bass,230,230,,,,,"released, tag left in place",,,
1013,1012,10/24/2012,,,,,,,,,,La Jolla Cove,,,,,Inside,,,,,,barred sand bass,253,,,,,,,,,
1027,1026,10/24/2012,7/21/2016,,,,,,1,,,La Jolla Cove,,,,,Inside,,,,,,kelp bass,235,,,,,,,,,
1029,1028,10/24/2012,,,,,,,,,,La Jolla Cove,,,,,Inside,,,,,,kelp bass,393,,,,,,,,,
1031,1030,10/24/2012,,,,,,,,,,La Jolla Cove,,,,,Inside,,,,,,kelp bass,267,,,,,,,,,
1034,1033,10/24/2012,6/24/2014,,,,,608,1,,,La Jolla Cove,La Jolla Cove,,,,Inside,Inside,,,,,kelp bass,288,314,,,,,"released, tag left in place",,,
1037,1036,10/24/2012,,,,,,,,,,La Jolla Cove,,,,,Inside,,,,,,kelp bass,320,,,,,,,,,
1040,1039,10/24/2012,,,,,,,,,,La Jolla Cove,,,,,Inside,,,,,,kelp bass,231,,,,,,,,,
1043,1042,10/24/2012,,,,,,,,,,La Jolla Cove,,,,,Inside,,,,,,kelp bass,436,,,,,,,,,
1046,1045,10/24/2012,,,,,,,,,,La Jolla Cove,,,,,Inside,,,,,,kelp bass,202,,,,,,,,,
1048,1047,10/24/2012,12/6/2012,,,43,,,2,,,La Jolla Cove,La Jolla Cove,,,,Inside,Inside,,,,,kelp bass,309,306,,,,,"released, tag left in place",,,
1050,1049,10/24/2012,,,,,,,,,,La Jolla Cove,,,,,Inside,,,,,,kelp bass,295,,,,,,,,,
1051,1052,10/24/2012,,,,,,,,,,La Jolla Cove,,,,,Inside,,,,,,kelp bass,299,,,,,,,,,
1054,1055,10/24/2012,6/20/2013,,,,,,1,,,La Jolla Cove,La Jolla Cove,,,,Inside,Inside,,,,,kelp bass,306,314,,,,,"released, tag left in place",,,
1056,1057,10/24/2012,,,,,,,,,,La Jolla Cove,,,,,Inside,,,,,,kelp bass,254,,,,,,,,,
1058,1059,10/24/2012,,,,,,,,,,La Jolla Cove,,,,,Inside,,,,,,kelp bass,338,,,,,,,,,
1060,1061,10/24/2012,,,,,,,,,,La Jolla Cove,,,,,Inside,,,,,,kelp bass,324,,,,,,,,,
1064,1065,10/24/2012,,,,,,,,,,La Jolla Cove,,,,,Inside,,,,,,kelp bass,250,,,,,,,,,
1066,1067,10/24/2012,10/18/2013,7/1/2014,7/6/2014,359,615,620,2,2,2,La Jolla Cove,La Jolla Cove,La Jolla Cove,La Jolla,,Inside,Inside,Inside,outside,,,kelp bass,275,285,292,,,,"released, tag left in place","released, tag left in place","released, tag left in place",
1068,1069,10/24/2012,,,,,,,,,,La Jolla Cove,,,,,Inside,,,,,,kelp bass,319,,,,,,,,,
1070,1071,10/24/2012,,,,,,,,,,La Jolla Cove,,,,,Inside,,,,,,kelp bass,337,,,,,,,,,
1073,1074,10/24/2012,12/6/2012,,,43,,,2,,,La Jolla Cove,La Jolla Cove,,,,Inside,Inside,,,,,kelp bass,303,303,,,,,"released, tag left in place",,,
1078,1077,10/24/2012,,,,,,,,,,La Jolla Cove,,,,,Inside,,,,,,kelp bass,293,,,,,,,,,
1080,1079,10/24/2012,,,,,,,,,,La Jolla Cove,,,,,Inside,,,,,,kelp bass,243,,,,,,,,,
1082,1081,10/24/2012,,,,,,,,,,La Jolla Cove,,,,,Inside,,,,,,barred sand bass,258,,,,,,,,,
1084,1083,10/24/2012,7/1/2014,,,,,615,2,,,La Jolla Cove,La Jolla Cove,,,,Inside,Inside,,,,,kelp bass,278,300,,,,,"released, tag left in place",,,
1086,1085,10/24/2012,,,,,,,,,,La Jolla Cove,,,,,Inside,,,,,,kelp bass,323,,,,,,,,,
1088,1087,10/24/2012,,,,,,,,,,La Jolla Cove,,,,,Inside,,,,,,kelp bass,209,,,,,,,,,
1090,1089,10/24/2012,,,,,,,,,,La Jolla Cove,,,,,Inside,,,,,,kelp bass,315,,,,,,,,,
1092,1091,10/24/2012,,,,,,,,,,La Jolla Cove,,,,,Inside,,,,,,kelp bass,263,,,,,,,,,
1094,1093,10/24/2012,,,,,,,,,,La Jolla Cove,,,,,Inside,,,,,,kelp bass,312,,,,,,,,,
1096,1095,10/24/2012,6/20/2013,,,,,,1,,,La Jolla Cove,La Jolla Cove,,,,Inside,Inside,,,,,kelp bass,241,246,,,,,"released, tag left in place",,,
1098,1097,10/24/2012,,,,,,,,,,La Jolla Cove,,,,,Inside,,,,,,kelp bass,278,,,,,,,,,
1100,1099,10/24/2012,7/6/2014,,,,,620,2,,,La Jolla Cove,La Jolla,,,,Inside,Outside,,,,,kelp bass,218,,,,,,"released, tag left in place",,,
1102,1101,11/2/2012,,,,,,,,,,La Jolla,,,,,Outside,,,,,,kelp bass,275,,,,,,,,,
1117,1116,11/2/2012,,,,,,,,,,La Jolla,,,,,Outside,,,,,,kelp bass,231,,,,,,,,,
1122,1121,11/2/2012,,,,,,,,,,La Jolla,,,,,Outside,,,,,,kelp bass,325,,,,,,,,,
1128,1127,10/30/2012,,,,,,,,,,La Jolla,,,,,Outside,,,,,,kelp bass,292,,,,,,,,,
1131,1130,10/30/2012,,,,,,,,,,La Jolla,,,,,Outside,,,,,,kelp bass,198,,,,,,,,,
1133,1132,10/30/2012,,,,,,,,,,La Jolla,,,,,Outside,,,,,,kelp bass,225,,,,,,,,,
1135,1134,10/30/2012,,,,,,,,,,La Jolla,,,,,Outside,,,,,,kelp bass,196,,,,,,,,,
1137,1136,10/30/2012,,,,,,,,,,La Jolla,,,,,Outside,,,,,,kelp bass,219,,,,,,,,,
1139,1138,10/30/2012,,,,,,,,,,La Jolla,,,,,Outside,,,,,,kelp bass,201,,,,,,,,,
1141,1140,10/30/2012,,,,,,,,,,La Jolla,,,,,Outside,,,,,,kelp bass,250,,,,,,,,,
1143,1142,10/30/2012,,,,,,,,,,La Jolla,,,,,Outside,,,,,,kelp bass,308,,,,,,,,,
1146,1147,10/24/2012,6/17/2013,,,,,,2,,,La Jolla Cove,La Jolla Cove,,,,Inside,Inside,,,,,kelp bass,330,331,,,,,"released, tag left in place",,,
1150,1149,10/24/2012,,,,,,,,,,La Jolla Cove,,,,,Inside,,,,,,kelp bass,261,,,,,,,,,
1304,1303,10/30/2012,,,,,,,,,,La Jolla,,,,,Outside,,,,,,kelp bass,275,,,,,,,,,
1309,1308,10/30/2012,,,,,,,,,,La Jolla,,,,,Outside,,,,,,kelp bass,224,,,,,,,,,
1312,1311,10/30/2012,,,,,,,,,,La Jolla,,,,,Outside,,,,,,kelp bass,213,,,,,,,,,
1314,1313,10/30/2012,,,,,,,,,,La Jolla,,,,,Outside,,,,,,kelp bass,235,,,,,,,,,
1324,1323,10/30/2012,,,,,,,,,,La Jolla,,,,,Outside,,,,,,kelp bass,324,,,,,,,,,
1327,1326,10/30/2012,6/18/2013,,,,,,2,,,La Jolla,La Jolla,,,,Outside,Outside,,,,,kelp bass,237,,,,,,released without tag,,,
1329,1328,10/30/2012,,,,,,,,,,La Jolla,,,,,Outside,,,,,,kelp bass,260,,,,,,,,,
1333,1332,10/30/2012,11/2/2012,7/10/2013,,3,253,,2,2,,La Jolla,La Jolla,La Jolla,,,Outside,Outside,Outside,,,,kelp bass,257,257,,,,,"released, tag left in place","released, tag left in place",,
1337,1336,10/30/2012,,,,,,,,,,La Jolla,,,,,Outside,,,,,,kelp bass,263,,,,,,,,,
1340,1339,10/30/2012,,,,,,,,,,La Jolla,,,,,Outside,,,,,,kelp bass,260,,,,,,,,,
1342,1341,10/30/2012,,,,,,,,,,La Jolla,,,,,Outside,,,,,,kelp bass,235,,,,,,,,,
1345,1344,10/30/2012,,,,,,,,,,La Jolla,,,,,Outside,,,,,,kelp bass,263,,,,,,,,,
1349,1348,10/30/2012,,,,,,,,,,La Jolla,,,,,Outside,,,,,,kelp bass,286,,,,,,,,,
1403,1404,11/27/2012,,,,,,,,,,La Jolla South,,,,,Inside,,,,,,kelp bass,283,,,,,,,,,
1408,1409,11/27/2012,,,,,,,,,,La Jolla South,,,,,Inside,,,,,,kelp bass,252,,,,,,,,,
1411,1412,11/27/2012,,,,,,,,,,La Jolla South,,,,,Inside,,,,,,barred sand bass,251,,,,,,,,,
1413,1414,11/27/2012,,,,,,,,,,La Jolla South,,,,,Inside,,,,,,kelp bass,248,,,,,,,,,
1416,1417,11/27/2012,,,,,,,,,,La Jolla South,,,,,Inside,,,,,,kelp bass,255,,,,,,,,,
1419,1420,11/27/2012,,,,,,,,,,La Jolla South,,,,,Inside,,,,,,barred sand bass,310,,,,,,,,,
1422,1423,11/27/2012,,,,,,,,,,La Jolla South,,,,,Inside,,,,,,kelp bass,283,,,,,,,,,
1431,1432,11/27/2012,,,,,,,,,,La Jolla South,,,,,Inside,,,,,,kelp bass,297,,,,,,,,,
1434,1435,11/27/2012,,,,,,,,,,La Jolla South,,,,,Inside,,,,,,kelp bass,248,,,,,,,,,
1437,1438,11/27/2012,,,,,,,,,,La Jolla South,,,,,Inside,,,,,,kelp bass,260,,,,,,,,,
1440,1441,11/27/2012,,,,,,,,,,La Jolla South,,,,,Inside,,,,,,kelp bass,270,,,,,,,,,
1443,1444,11/27/2012,,,,,,,,,,La Jolla South,,,,,Inside,,,,,,kelp bass,238,,,,,,,,,
1445,1446,11/27/2012,,,,,,,,,,La Jolla South,,,,,Inside,,,,,,kelp bass,240,,,,,,,,,
1447,1448,11/27/2012,,,,,,,,,,La Jolla South,,,,,Inside,,,,,,kelp bass,347,,,,,,,,,
1449,1450,11/27/2012,,,,,,,,,,La Jolla South,,,,,Inside,,,,,,kelp bass,377,,,,,,,,,
1453,1452,10/24/2012,9/17/2014,,,,,693,1,,,La Jolla Cove,La Jolla Cove,,,,Inside,Inside,,,,,kelp bass,322,338,,,,,"released, tag left in place",,,
1455,1454,10/24/2012,,,,,,,,,,La Jolla Cove,,,,,Inside,,,,,,kelp bass,262,,,,,,,,,
1457,1456,10/24/2012,,,,,,,,,,La Jolla Cove,,,,,Inside,,,,,,kelp bass,353,,,,,,,,,
1459,1458,10/24/2012,,,,,,,,,,La Jolla Cove,,,,,Inside,,,,,,kelp bass,220,,,,,,,,,
1461,1460,10/24/2012,,,,,,,,,,La Jolla Cove,,,,,Inside,,,,,,kelp bass,329,,,,,,,,,
1464,1463,10/24/2012,,,,,,,,,,La Jolla Cove,,,,,Inside,,,,,,kelp bass,310,,,,,,,,,
1466,1465,10/24/2012,,,,,,,,,,La Jolla Cove,,,,,Inside,,,,,,kelp bass,231,,,,,,,,,
1468,1467,10/24/2012,,,,,,,,,,La Jolla Cove,,,,,Inside,,,,,,kelp bass,340,,,,,,,,,
1470,1469,10/24/2012,,,,,,,,,,La Jolla Cove,,,,,Inside,,,,,,kelp bass,234,,,,,,,,,
1473,1472,10/24/2012,,,,,,,,,,La Jolla Cove,,,,,Inside,,,,,,kelp bass,232,,,,,,,,,
1475,1474,10/24/2012,,,,,,,,,,La Jolla Cove,,,,,Inside,,,,,,kelp bass,250,,,,,,,,,
1476,1477,10/24/2012,,,,,,,,,,La Jolla Cove,,,,,Inside,,,,,,kelp bass,269,,,,,,,,,
1478,1479,10/24/2012,,,,,,,,,,La Jolla Cove,,,,,Inside,,,,,,kelp bass,239,,,,,,,,,
1480,1481,10/24/2012,,,,,,,,,,La Jolla Cove,,,,,Inside,,,,,,kelp bass,259,,,,,,,,,
1482,1483,10/24/2012,,,,,,,,,,La Jolla Cove,,,,,Inside,,,,,,kelp bass,234,,,,,,,,,
1484,1485,10/24/2012,,,,,,,,,,La Jolla Cove,,,,,Inside,,,,,,kelp bass,289,,,,,,,,,
1486,1487,10/24/2012,12/6/2012,6/24/2014,,43,608,,1,,,La Jolla Cove,La Jolla Cove,La Jolla Cove,,,Inside,Inside,Inside,,,,kelp bass,306,298,339,,,,"released, tag left in place","released, tag left in place",,
1488,1489,10/24/2012,,,,,,,,,,La Jolla Cove,,,,,Inside,,,,,,kelp bass,250,,,,,,,,,
1492,1493,10/24/2012,,,,,,,,,,La Jolla Cove,,,,,Inside,,,,,,kelp bass,280,,,,,,,,,
1494,1495,10/24/2012,6/20/2013,,,,,,2,,,La Jolla Cove,La Jolla Cove,,,,Inside,Inside,,,,,kelp bass,290,302,,,,,"released, tag left in place",,,
1496,1497,10/24/2012,12/6/2012,,,43,,,2,,,La Jolla Cove,La Jolla Cove,,,,Inside,Inside,,,,,kelp bass,256,265,,,,,"released, tag left in place",,,
1498,1499,10/24/2012,6/24/2014,,,,,608,2,,,La Jolla Cove,La Jolla Cove,,,,Inside,Inside,,,,,kelp bass,262,283,,,,,"released, tag left in place",,,
1513,1512,10/25/2012,,,,,,,,,,Point Loma,,,,,Outside,,,,,,kelp bass,251,,,,,,,,,
1515,1514,10/25/2012,,,,,,,,,,Point Loma,,,,,Outside,,,,,,kelp bass,263,,,,,,,,,
1520,1519,10/25/2012,,,,,,,,,,Point Loma,,,,,Outside,,,,,,kelp bass,248,,,,,,,,,
1529,1530,10/25/2012,,,,,,,,,,Point Loma,,,,,Outside,,,,,,kelp bass,252,,,,,,,,,
1531,1532,10/25/2012,,,,,,,,,,Point Loma,,,,,Outside,,,,,,kelp bass,288,,,,,,,,,
1540,1541,10/25/2012,,,,,,,,,,Point Loma,,,,,Outside,,,,,,kelp bass,253,,,,,,,,,
1553,1554,11/30/2012,,,,,,,,,,La Jolla,,,,,Outside,,,,,,kelp bass,398,,,,,,,,,
1561,1562,11/30/2012,,,,,,,,,,La Jolla,,,,,Outside,,,,,,kelp bass,272,,,,,,,,,
1563,1564,11/30/2012,,,,,,,,,,La Jolla,,,,,Outside,,,,,,kelp bass,300,,,,,,,,,
1568,1569,11/30/2012,,,,,,,,,,La Jolla,,,,,Outside,,,,,,kelp bass,312,,,,,,,,,
1571,1572,11/30/2012,,,,,,,,,,La Jolla,,,,,Outside,,,,,,kelp bass,224,,,,,,,,,
1573,1574,11/30/2012,6/24/2014,,,,,571,1,,,La Jolla,La Jolla,,,,Outside,inside,,,,,kelp bass,248,292,,,,,"released, tag left in place",,,
1581,1580,11/30/2012,6/22/2013,,,,,,2,,,La Jolla,La Jolla,,,,Outside,Outside,,,,,kelp bass,332,,,,,,kept,,,
1584,1583,11/30/2012,,,,,,,,,,La Jolla,,,,,Outside,,,,,,kelp bass,322,,,,,,,,,
1587,1586,11/30/2012,9/17/2014,,,,,656,1,,,La Jolla,La Jolla Cove,,,,Outside,inside,,,,,kelp bass,260,333,,,,,"released, tag left in place",,,
1595,1594,11/30/2012,,,,,,,,,,La Jolla,,,,,Outside,,,,,,kelp bass,244,,,,,,,,,
1601,1602,10/24/2012,,,,,,,,,,La Jolla Cove,,,,,Inside,,,,,,kelp bass,248,,,,,,,,,
1603,1604,10/24/2012,,,,,,,,,,La Jolla Cove,,,,,Inside,,,,,,kelp bass,248,,,,,,,,,
1605,1606,10/24/2012,,,,,,,,,,La Jolla Cove,,,,,Inside,,,,,,kelp bass,495,,,,,,,,,
1608,1609,10/24/2012,,,,,,,,,,La Jolla Cove,,,,,Inside,,,,,,kelp bass,234,,,,,,,,,
1610,1611,10/24/2012,,,,,,,,,,La Jolla Cove,,,,,Inside,,,,,,kelp bass,311,,,,,,,,,
1613,1614,10/24/2012,7/1/2014,,,,,615,2,,,La Jolla Cove,La Jolla Cove,,,,Inside,Inside,,,,,kelp bass,222,260,,,,,"released, tag left in place",,,
1615,1616,10/24/2012,,,,,,,,,,La Jolla Cove,,,,,Inside,,,,,,kelp bass,275,,,,,,,,,
1617,1618,10/24/2012,,,,,,,,,,La Jolla Cove,,,,,Inside,,,,,,kelp bass,280,,,,,,,,,
1619,1620,10/24/2012,,,,,,,,,,La Jolla Cove,,,,,Inside,,,,,,kelp bass,361,,,,,,,,,
1621,1622,10/24/2012,,,,,,,,,,La Jolla Cove,,,,,Inside,,,,,,kelp bass,239,,,,,,,,,
1623,1624,10/24/2012,,,,,,,,,,La Jolla Cove,,,,,Inside,,,,,,kelp bass,242,,,,,,,,,
1626,1627,10/24/2012,7/29/2013,3/16/2014,,278,508,,1,1,,La Jolla Cove,San Clemente,San Clemente,,,Inside,Outside,Outside,,,,kelp bass,225,,,,,,"released, tag left in place",released without tag,,
1630,1631,10/24/2012,,,,,,,,,,La Jolla Cove,,,,,Inside,,,,,,kelp bass,235,,,,,,,,,
1632,1633,10/24/2012,,,,,,,,,,La Jolla Cove,,,,,Inside,,,,,,kelp bass,244,,,,,,,,,
1636,1637,10/24/2012,,,,,,,,,,La Jolla Cove,,,,,Inside,,,,,,kelp bass,277,,,,,,,,,
1638,1639,10/24/2012,,,,,,,,,,La Jolla Cove,,,,,Inside,,,,,,kelp bass,310,,,,,,,,,
1640,1641,10/24/2012,12/6/2012,,,43,,,2,,,La Jolla Cove,La Jolla Cove,,,,Inside,Inside,,,,,kelp bass,296,296,,,,,"released, tag left in place",,,
1642,1643,10/24/2012,,,,,,,,,,La Jolla Cove,,,,,Inside,,,,,,kelp bass,224,,,,,,,,,
1644,1645,10/24/2012,,,,,,,,,,La Jolla Cove,,,,,Inside,,,,,,kelp bass,231,,,,,,,,,
1646,1647,10/24/2012,,,,,,,,,,La Jolla Cove,,,,,Inside,,,,,,kelp bass,254,,,,,,,,,
1648,1649,10/24/2012,,,,,,,,,,La Jolla Cove,,,,,Inside,,,,,,kelp bass,229,,,,,,,,,
1664,1663,11/2/2012,,,,,,,,,,La Jolla,,,,,Outside,,,,,,kelp bass,268,,,,,,,,,
1666,1665,11/2/2012,,,,,,,,,,La Jolla,,,,,Outside,,,,,,kelp bass,234,,,,,,,,,
1669,1668,11/2/2012,,,,,,,,,,La Jolla,,,,,Outside,,,,,,kelp bass,249,,,,,,,,,
1672,1671,11/2/2012,,,,,,,,,,La Jolla,,,,,Outside,,,,,,kelp bass,268,,,,,,,,,
1675,1674,11/2/2012,,,,,,,,,,La Jolla,,,,,Outside,,,,,,kelp bass,313,,,,,,,,,
1676,1677,11/2/2012,,,,,,,,,,La Jolla,,,,,Outside,,,,,,kelp bass,256,,,,,,,,,
1680,1681,11/2/2012,,,,,,,,,,La Jolla,,,,,Outside,,,,,,kelp bass,333,,,,,,,,,
1683,1684,11/2/2012,,,,,,,,,,La Jolla,,,,,Outside,,,,,,kelp bass,235,,,,,,,,,
1685,1686,11/2/2012,,,,,,,,,,La Jolla,,,,,Outside,,,,,,kelp bass,249,,,,,,,,,
1692,1693,11/2/2012,6/4/2013,,,214,,,2,,,La Jolla,La Jolla,,,,Outside,Outside,,,,,kelp bass,257,255,,,,,kept,,,
1697,1698,11/2/2012,,,,,,,,,,La Jolla,,,,,Outside,,,,,,kelp bass,235,,,,,,,,,
1699,1700,11/2/2012,,,,,,,,,,La Jolla,,,,,Outside,,,,,,kelp bass,281,,,,,,,,,
1701,1702,11/27/2012,6/23/2013,,,,,,2,,,La Jolla South,La Jolla,,,,Inside,Outside,,,,,kelp bass,298,,,,,,"released, tag left in place",,,
1707,1708,11/27/2012,,,,,,,,,,La Jolla South,,,,,Inside,,,,,,kelp bass,240,,,,,,,,,
1710,1711,11/27/2012,,,,,,,,,,La Jolla South,,,,,Inside,,,,,,kelp bass,256,,,,,,,,,
1713,1714,11/27/2012,,,,,,,,,,La Jolla South,,,,,Inside,,,,,,kelp bass,282,,,,,,,,,
1720,1721,11/27/2012,,,,,,,,,,La Jolla South,,,,,Inside,,,,,,kelp bass,302,,,,,,,,,
1722,1723,11/27/2012,,,,,,,,,,La Jolla South,,,,,Inside,,,,,,kelp bass,343,,,,,,,,,
1724,1725,11/27/2012,,,,,,,,,,La Jolla South,,,,,Inside,,,,,,kelp bass,307,,,,,,,,,
1729,1730,11/27/2012,,,,,,,,,,La Jolla South,,,,,Inside,,,,,,kelp bass,283,,,,,,,,,
1732,1733,11/27/2012,,,,,,,,,,La Jolla South,,,,,Inside,,,,,,kelp bass,242,,,,,,,,,
1735,1736,11/27/2012,,,,,,,,,,La Jolla South,,,,,Inside,,,,,,kelp bass,305,,,,,,,,,
1737,1738,11/27/2012,,,,,,,,,,La Jolla South,,,,,Inside,,,,,,kelp bass,230,,,,,,,,,
1739,1740,11/27/2012,,,,,,,,,,La Jolla South,,,,,Inside,,,,,,kelp bass,231,,,,,,,,,
1741,1742,11/27/2012,,,,,,,,,,La Jolla South,,,,,Inside,,,,,,kelp bass,243,,,,,,,,,
1744,1745,11/27/2012,7/1/2013,,,,,,2,,,La Jolla South,La Jolla,,,,Inside,Outside,,,,,kelp bass,258,265,,,,,"released, tag left in place",,,
1746,1747,11/27/2012,,,,,,,,,,La Jolla South,,,,,Inside,,,,,,kelp bass,245,,,,,,,,,
1748,1749,11/27/2012,,,,,,,,,,La Jolla South,,,,,Inside,,,,,,kelp bass,234,,,,,,,,,
1851,1852,11/27/2012,,,,,,,,,,La Jolla South,,,,,Inside,,,,,,kelp bass,284,,,,,,,,,
1853,1854,11/27/2012,,,,,,,,,,La Jolla South,,,,,Inside,,,,,,kelp bass,283,,,,,,,,,
1856,1857,11/27/2012,,,,,,,,,,La Jolla South,,,,,Inside,,,,,,kelp bass,294,,,,,,,,,
1859,1860,11/27/2012,,,,,,,,,,La Jolla South,,,,,Inside,,,,,,kelp bass,286,,,,,,,,,
1862,1863,11/27/2012,,,,,,,,,,La Jolla South,,,,,Inside,,,,,,kelp bass,254,,,,,,,,,
1865,1866,11/27/2012,,,,,,,,,,La Jolla South,,,,,Inside,,,,,,barred sand bass,307,,,,,,,,,
1874,1875,11/27/2012,,,,,,,,,,La Jolla South,,,,,Inside,,,,,,kelp bass,270,,,,,,,,,
1876,1877,11/27/2012,,,,,,,,,,La Jolla South,,,,,Inside,,,,,,kelp bass,260,,,,,,,,,
1878,1879,11/27/2012,,,,,,,,,,La Jolla South,,,,,Inside,,,,,,kelp bass,278,,,,,,,,,
1880,1881,11/27/2012,,,,,,,,,,La Jolla South,,,,,Inside,,,,,,kelp bass,308,,,,,,,,,
1883,1884,11/27/2012,,,,,,,,,,La Jolla South,,,,,Inside,,,,,,kelp bass,249,,,,,,,,,
1887,1888,11/27/2012,,,,,,,,,,La Jolla South,,,,,Inside,,,,,,kelp bass,300,,,,,,,,,
1889,1890,11/27/2012,,,,,,,,,,La Jolla South,,,,,Inside,,,,,,kelp bass,354,,,,,,,,,
1891,1892,11/27/2012,,,,,,,,,,La Jolla South,,,,,Inside,,,,,,barred sand bass,268,,,,,,,,,
1893,1894,11/27/2012,,,,,,,,,,La Jolla South,,,,,Inside,,,,,,kelp bass,296,,,,,,,,,
1895,1896,11/27/2012,,,,,,,,,,La Jolla South,,,,,Inside,,,,,,kelp bass,352,,,,,,,,,
1897,1898,11/27/2012,,,,,,,,,,La Jolla South,,,,,Inside,,,,,,kelp bass,350,,,,,,,,,
1899,1900,11/27/2012,,,,,,,,,,La Jolla South,,,,,Inside,,,,,,kelp bass,221,,,,,,,,,
2854,2855,12/6/2012,7/1/2014,,,,,572,2,,,La Jolla Cove,La Jolla Cove,,,,Inside,Inside,,,,,kelp bass,415,421,,,,,"released, tag left in place",,,
2858,2859,12/6/2012,,,,,,,,,,La Jolla Cove,,,,,Inside,,,,,,kelp bass,290,,,,,,,,,
2860,2861,12/6/2012,,,,,,,,,,La Jolla Cove,,,,,Inside,,,,,,kelp bass,282,,,,,,,,,
2862,2863,12/6/2012,,,,,,,,,,La Jolla Cove,,,,,Inside,,,,,,kelp bass,302,,,,,,,,,
2864,2865,12/6/2012,,,,,,,,,,La Jolla Cove,,,,,Inside,,,,,,kelp bass,349,,,,,,,,,
2869,2870,12/6/2012,,,,,,,,,,La Jolla Cove,,,,,Inside,,,,,,kelp bass,290,,,,,,,,,
2873,2874,12/6/2012,9/17/2014,,,,,650,2,,,La Jolla Cove,La Jolla Cove,,,,Inside,Inside,,,,,kelp bass,283,302,,,,,"released, tag left in place",,,
2876,2877,12/6/2012,6/17/2013,,,,,,2,,,La Jolla Cove,La Jolla Cove,,,,Inside,Inside,,,,,kelp bass,304,303,,,,,"released, tag left in place",,,
2878,2879,12/6/2012,,,,,,,,,,La Jolla Cove,,,,,Inside,,,,,,kelp bass,269,,,,,,,,,
2881,19213,12/6/2012,7/1/2014,,,,,572,2,,,La Jolla Cove,La Jolla Cove,,,,Inside,Inside,,,,,kelp bass,260,285,,,,,"released, tag left in place",,,
2884,2885,12/6/2012,,,,,,,,,,La Jolla Cove,,,,,Inside,,,,,,kelp bass,343,,,,,,,,,
2887,2888,12/6/2012,,,,,,,,,,La Jolla Cove,,,,,Inside,,,,,,kelp bass,257,,,,,,,,,
2897,2898,12/6/2012,,,,,,,,,,La Jolla Cove,,,,,Inside,,,,,,kelp bass,298,,,,,,,,,
2951,2952,12/6/2012,,,,,,,,,,La Jolla Cove,,,,,Inside,,,,,,kelp bass,272,,,,,,,,,
2953,2954,12/6/2012,,,,,,,,,,La Jolla Cove,,,,,Inside,,,,,,kelp bass,290,,,,,,,,,
2955,2956,12/6/2012,,,,,,,,,,La Jolla Cove,,,,,Inside,,,,,,kelp bass,305,,,,,,,,,
2957,2958,12/6/2012,,,,,,,,,,La Jolla Cove,,,,,Inside,,,,,,kelp bass,295,,,,,,,,,
2960,2961,12/6/2012,4/10/2014,,,,,490,1,,,La Jolla Cove,La Jolla,,,,Inside,Outside,,,,,kelp bass,307,,,,,,kept,,,
2964,2965,12/6/2012,,,,,,,,,,La Jolla Cove,,,,,Inside,,,,,,kelp bass,275,,,,,,,,,
2974,3000,12/6/2012,,,,,,,,,,La Jolla Cove,,,,,Inside,,,,,,barred sand bass,309,,,,,,,,,
2985,2984,12/6/2012,,,,,,,,,,La Jolla Cove,,,,,Inside,,,,,,barred sand bass,297,,,,,,,,,
3001,3002,12/6/2012,,,,,,,,,,La Jolla Cove,,,,,Inside,,,,,,kelp bass,294,,,,,,,,,
3005,3006,12/6/2012,,,,,,,,,,La Jolla Cove,,,,,Inside,,,,,,kelp bass,240,,,,,,,,,
3007,3008,12/6/2012,7/1/2014,,,,,572,2,,,La Jolla Cove,La Jolla Cove,,,,Inside,Inside,,,,,kelp bass,383,314,,,,,"released, tag left in place",,,
3010,3011,12/6/2012,,,,,,,,,,La Jolla Cove,,,,,Inside,,,,,,kelp bass,310,,,,,,,,,
3012,3013,12/6/2012,,,,,,,,,,La Jolla Cove,,,,,Inside,,,,,,kelp bass,263,,,,,,,,,
3015,3016,12/6/2012,,,,,,,,,,La Jolla Cove,,,,,Inside,,,,,,kelp bass,277,,,,,,,,,
3018,3019,12/6/2012,6/11/2013,,,187,,,2,,,La Jolla Cove,La Jolla,,,,Inside,Outside,,,,,kelp bass,334,,,,14,,kept,,,
3023,3024,12/6/2012,,,,,,,,,,La Jolla Cove,,,,,Inside,,,,,,kelp bass,285,,,,,,,,,
3026,3027,12/6/2012,,,,,,,,,,La Jolla Cove,,,,,Inside,,,,,,kelp bass,314,,,,,,,,,
3029,3030,12/6/2012,,,,,,,,,,La Jolla Cove,,,,,Inside,,,,,,kelp bass,257,,,,,,,,,
3031,3032,12/6/2012,,,,,,,,,,La Jolla Cove,,,,,Inside,,,,,,barred sand bass,319,,,,,,,,,
3033,3034,12/6/2012,,,,,,,,,,La Jolla Cove,,,,,Inside,,,,,,kelp bass,280,,,,,,,,,
3037,3038,12/6/2012,,,,,,,,,,La Jolla Cove,,,,,Inside,,,,,,kelp bass,399,,,,,,,,,
3039,3040,12/6/2012,,,,,,,,,,La Jolla Cove,,,,,Inside,,,,,,kelp bass,390,,,,,,,,,
3043,3044,12/6/2012,,,,,,,,,,La Jolla Cove,,,,,Inside,,,,,,kelp bass,295,,,,,,,,,
3047,3048,12/6/2012,,,,,,,,,,La Jolla Cove,,,,,Inside,,,,,,kelp bass,329,,,,,,,,,
3049,3050,12/6/2012,,,,,,,,,,La Jolla Cove,,,,,Inside,,,,,,kelp bass,255,,,,,,,,,
3154,3155,12/6/2012,,,,,,,,,,La Jolla Cove,,,,,Inside,,,,,,kelp bass,262,,,,,,,,,
3158,3159,12/6/2012,,,,,,,,,,La Jolla Cove,,,,,Inside,,,,,,kelp bass,300,,,,,,,,,
3176,3177,12/6/2012,,,,,,,,,,La Jolla Cove,,,,,Inside,,,,,,kelp bass,305,,,,,,,,,
3180,3181,12/6/2012,,,,,,,,,,La Jolla Cove,,,,,Inside,,,,,,kelp bass,223,,,,,,,,,
3182,3183,12/6/2012,,,,,,,,,,La Jolla Cove,,,,,Inside,,,,,,kelp bass,233,,,,,,,,,
3185,3186,12/6/2012,,,,,,,,,,La Jolla Cove,,,,,Inside,,,,,,kelp bass,288,,,,,,,,,
3187,3188,12/6/2012,,,,,,,,,,La Jolla Cove,,,,,Inside,,,,,,kelp bass,257,,,,,,,,,
3189,3190,12/6/2012,,,,,,,,,,La Jolla Cove,,,,,Inside,,,,,,kelp bass,308,,,,,,,,,
3198,3199,12/6/2012,,,,,,,,,,La Jolla Cove,,,,,Inside,,,,,,kelp bass,354,,,,,,,,,
3201,3202,12/6/2012,7/1/2014,,,,,572,2,,,La Jolla Cove,La Jolla Cove,,,,Inside,Inside,,,,,kelp bass,271,294,,,,,"released, tag left in place",,,
3203,3204,12/6/2012,9/17/2014,,,,,650,2,,,La Jolla Cove,La Jolla Cove,,,,Inside,Inside,,,,,kelp bass,320,342,,,,,"released, tag left in place",,,
3205,3206,12/6/2012,,,,,,,,,,La Jolla Cove,,,,,Inside,,,,,,kelp bass,278,,,,,,,,,
3207,3208,12/6/2012,,,,,,,,,,La Jolla Cove,,,,,Inside,,,,,,kelp bass,250,,,,,,,,,
3209,3210,12/6/2012,,,,,,,,,,La Jolla Cove,,,,,Inside,,,,,,kelp bass,300,,,,,,,,,
3212,3213,12/6/2012,,,,,,,,,,La Jolla Cove,,,,,Inside,,,,,,kelp bass,320,,,,,,,,,
3220,3221,12/6/2012,,,,,,,,,,La Jolla Cove,,,,,Inside,,,,,,kelp bass,257,,,,,,,,,
3223,3224,12/6/2012,,,,,,,,,,La Jolla Cove,,,,,Inside,,,,,,kelp bass,283,,,,,,,,,
3230,3231,12/6/2012,,,,,,,,,,La Jolla Cove,,,,,Inside,,,,,,kelp bass,378,,,,,,,,,
3232,3233,12/6/2012,10/18/2013,,,,,316,2,,,La Jolla Cove,La Jolla Cove,,,,Inside,Inside,,,,,kelp bass,330,340,,,,,"released, tag left in place",,,
3234,3235,12/6/2012,,,,,,,,,,La Jolla Cove,,,,,Inside,,,,,,kelp bass,254,,,,,,,,,
3236,3237,12/6/2012,,,,,,,,,,La Jolla Cove,,,,,Inside,,,,,,kelp bass,244,,,,,,,,,
3238,3239,12/6/2012,,,,,,,,,,La Jolla Cove,,,,,Inside,,,,,,kelp bass,469,,,,,,,,,
3240,3241,12/6/2012,,,,,,,,,,La Jolla Cove,,,,,Inside,,,,,,kelp bass,214,,,,,,,,,
3242,3243,12/6/2012,,,,,,,,,,La Jolla Cove,,,,,Inside,,,,,,kelp bass,263,,,,,,,,,
3244,3245,12/6/2012,,,,,,,,,,La Jolla Cove,,,,,Inside,,,,,,kelp bass,255,,,,,,,,,
3247,3248,12/6/2012,,,,,,,,,,La Jolla Cove,,,,,Inside,,,,,,kelp bass,269,,,,,,,,,
5062,5063,6/14/2013,6/22/2013,,,,,,2,,,La Jolla,La Jolla,,,,Outside,Outside,,,,,kelp bass,275,,,,,,"released, tag left in place",,,
5064,5065,6/14/2013,,,,,,,,,,La Jolla,,,,,Outside,,,,,,kelp bass,225,,,,,,,,,
5066,5067,6/14/2013,,,,,,,,,,La Jolla,,,,,Outside,,,,,,kelp bass,287,,,,,,,,,
5068,5069,6/14/2013,,,,,,,,,,La Jolla,,,,,Outside,,,,,,kelp bass,255,,,,,,,,,
5071,5072,6/14/2013,6/10/2014,,,,,361,1,,,La Jolla,La Jolla,,,,Outside,Outside,,,,,kelp bass,310,,,,,,kept,,,
5152,5153,6/20/2013,,,,,,,,,,La Jolla Cove,,,,,Inside,,,,,,kelp bass,255,,,,,,,,,
5154,5155,6/20/2013,,,,,,,,,,La Jolla Cove,,,,,Inside,,,,,,kelp bass,243,,,,,,,,,
5157,5158,6/20/2013,2/25/2014,,,,,250,2,,,La Jolla Cove,La Jolla,,,,Inside,outside,,,,,kelp bass,326,,,,,,kept,,,
5160,5161,6/20/2013,,,,,,,,,,La Jolla Cove,,,,,Inside,,,,,,kelp bass,240,,,,,,,,,
5165,5166,6/20/2013,,,,,,,,,,La Jolla Cove,,,,,Inside,,,,,,kelp bass,261,,,,,,,,,
5167,5168,6/20/2013,,,,,,,,,,La Jolla Cove,,,,,Inside,,,,,37,kelp bass,275,,,,,,,,,
5171,5172,6/20/2013,,,,,,,,,,La Jolla Cove,,,,,Inside,,,,,38,kelp bass,270,,,,,,,,,
5173,5174,6/20/2013,,,,,,,,,,La Jolla Cove,,,,,Inside,,,,,40,kelp bass,314,,,,,,,,,
5184,5185,6/20/2013,,,,,,,,,,La Jolla Cove,,,,,Inside,,,,,,kelp bass,330,,,,,,,,,
5188,5189,6/20/2013,,,,,,,,,,La Jolla Cove,,,,,Inside,,,,,,kelp bass,303,,,,,,,,,
5201,5202,6/20/2013,,,,,,,,,,La Jolla Cove,,,,,Inside,,,,,73,kelp bass,272,,,,,,,,,
5204,5205,6/20/2013,6/24/2014,,,,,369,2,,,La Jolla Cove,La Jolla Cove,,,,Inside,Inside,,,,75,kelp bass,320,340,,,,,"released, tag left in place",,,
5206,5207,6/20/2013,,,,,,,,,,La Jolla Cove,,,,,Inside,,,,,76,kelp bass,238,,,,,,,,,
5208,5209,6/20/2013,,,,,,,,,,La Jolla Cove,,,,,Inside,,,,,77,kelp bass,272,,,,,,,,,
5210,5211,6/20/2013,,,,,,,,,,La Jolla Cove,,,,,Inside,,,,,78,kelp bass,266,,,,,,,,,
5212,5213,6/20/2013,6/5/2014,,,,,350,2,,,La Jolla Cove,La Jolla,,,,Inside,Outside,,,,79,kelp bass,255,,,,,,"released, tag left in place",,,
5214,5215,6/20/2013,8/31/2013,,,,,,1,,,La Jolla Cove,La Jolla,,,,Inside,Outside,,,,81,kelp bass,289,,,,,,released without tag,,,
5216,5217,6/20/2013,,,,,,,,,,La Jolla Cove,,,,,Inside,,,,,82,kelp bass,281,,,,,,,,,
5219,5220,6/20/2013,,,,,,,,,,La Jolla Cove,,,,,Inside,,,,,84,kelp bass,249,,,,,,,,,
5221,5222,6/20/2013,,,,,,,,,,La Jolla Cove,,,,,Inside,,,,,85,kelp bass,332,,,,,,,,,
5223,5224,6/20/2013,,,,,,,,,,La Jolla Cove,,,,,Inside,,,,,87,kelp bass,270,,,,,,,,,
5227,5228,6/20/2013,,,,,,,,,,La Jolla Cove,,,,,Inside,,,,,2,kelp bass,266,,,,,,,,,
5233,5234,6/20/2013,,,,,,,,,,La Jolla Cove,,,,,Inside,,,,,,kelp bass,325,,,,,,,,,
5239,5240,6/20/2013,,,,,,,,,,La Jolla Cove,,,,,Inside,,,,,,kelp bass,269,,,,,,,,,
5241,5242,6/20/2013,7/1/2014,,,,,376,1,,,La Jolla Cove,La Jolla Cove,,,,Inside,Inside,,,,,kelp bass,299,304,,,,,"released, tag left in place",,,
5257,5258,6/20/2013,,,,,,,,,,La Jolla Cove,,,,,Inside,,,,,,kelp bass,251,,,,,,,,,
5259,5260,6/20/2013,,,,,,,,,,La Jolla Cove,,,,,Inside,,,,,,kelp bass,295,,,,,,,,,
5267,5268,6/20/2013,,,,,,,,,,La Jolla Cove,,,,,Inside,,,,,,kelp bass,335,,,,,,,,,
5270,5271,6/20/2013,,,,,,,,,,La Jolla Cove,,,,,Inside,,,,,,kelp bass,335,,,,,,,,,
5272,5273,6/20/2013,10/18/2013,,,,,120,2,,,La Jolla Cove,La Jolla Cove,,,,Inside,Inside,,,,,kelp bass,252,274,,,,,"released, tag left in place",,,
5327,5328,6/20/2013,,,,,,,,,,La Jolla Cove,,,,,Inside,,,,,55,kelp bass,284,,,,,,,,,
5333,5334,6/20/2013,,,,,,,,,,La Jolla Cove,,,,,Inside,,,,,60,kelp bass,280,,,,,,,,,
5336,5337,6/20/2013,,,,,,,,,,La Jolla Cove,,,,,Inside,,,,,61,kelp bass,264,,,,,,,,,
5341,5342,6/20/2013,,,,,,,,,,La Jolla Cove,,,,,Inside,,,,,66,kelp bass,275,,,,,,,,,
5348,5349,6/20/2013,,,,,,,,,,La Jolla Cove,,,,,Inside,,,,,71,kelp bass,310,,,,,,,,,
5384,5385,6/20/2013,,,,,,,,,,La Jolla Cove,,,,,Inside,,,,,,kelp bass,295,,,,,,,,,
5393,5394,6/20/2013,,,,,,,,,,La Jolla Cove,,,,,Inside,,,,,35,kelp bass,252,,,,,,,,,
5395,5396,6/20/2013,,,,,,,,,,La Jolla Cove,,,,,Inside,,,,,,kelp bass,282,,,,,,,,,
5397,5398,6/20/2013,,,,,,,,,,La Jolla Cove,,,,,Inside,,,,,,kelp bass,252,,,,,,,,,
5399,5400,6/20/2013,,,,,,,,,,La Jolla Cove,,,,,Inside,,,,,,kelp bass,322,,,,,,,,,
5402,5403,6/20/2013,,,,,,,,,,La Jolla Cove,,,,,Inside,,,,,,kelp bass,322,,,,,,,,,
5405,5406,6/20/2013,,,,,,,,,,La Jolla Cove,,,,,Inside,,,,,,kelp bass,300,,,,,,,,,
5408,5409,6/20/2013,,,,,,,,,,La Jolla Cove,,,,,Inside,,,,,,kelp bass,293,,,,,,,,,
5410,5411,6/20/2013,6/24/2014,,,,,369,2,,,La Jolla Cove,La Jolla Cove,,,,Inside,Inside,,,,,kelp bass,266,288,,,,,"released, tag left in place",,,
5413,5414,6/20/2013,,,,,,,,,,La Jolla Cove,,,,,Inside,,,,,,kelp bass,255,,,,,,,,,
5420,5421,6/20/2013,,,,,,,,,,La Jolla Cove,,,,,Inside,,,,,,kelp bass,307,,,,,,,,,
5422,5423,6/20/2013,,,,,,,,,,La Jolla Cove,,,,,Inside,,,,,,kelp bass,248,,,,,,,,,
5424,5425,6/20/2013,8/17/2013,,,,,,2,,,La Jolla Cove,La Jolla,,,,Inside,Outside,,,,,kelp bass,323,,,,,,kept,,,
5426,5427,6/20/2013,,,,,,,,,,La Jolla Cove,,,,,Inside,,,,,,kelp bass,273,,,,,,,,,
5430,5431,6/20/2013,,,,,,,,,,La Jolla Cove,,,,,Inside,,,,,93,kelp bass,313,,,,,,,,,
5433,5434,6/20/2013,,,,,,,,,,La Jolla Cove,,,,,Inside,,,,,94,kelp bass,344,,,,,,,,,
5440,5441,6/20/2013,,,,,,,,,,La Jolla Cove,,,,,Inside,,,,,98,kelp bass,258,,,,,,,,,
5442,5443,6/20/2013,,,,,,,,,,La Jolla Cove,,,,,Inside,,,,,99,kelp bass,314,,,,,,,,,
5444,5445,6/20/2013,,,,,,,,,,La Jolla Cove,,,,,Inside,,,,,100,kelp bass,242,,,,,,,,,
5447,5448,6/20/2013,,,,,,,,,,La Jolla Cove,,,,,Inside,,,,,,kelp bass,260,,,,,,,,,
5453,5454,6/20/2013,,,,,,,,,,La Jolla Cove,,,,,Inside,,,,,42,kelp bass,245,,,,,,,,,
5456,5457,6/20/2013,,,,,,,,,,La Jolla Cove,,,,,Inside,,,,,44,kelp bass,300,,,,,,,,,
5458,5459,6/20/2013,,,,,,,,,,La Jolla Cove,,,,,Inside,,,,,45,kelp bass,312,,,,,,,,,
5461,5462,6/20/2013,,,,,,,,,,La Jolla Cove,,,,,Inside,,,,,47,kelp bass,317,,,,,,,,,
5464,5465,6/20/2013,,,,,,,,,,La Jolla Cove,,,,,Inside,,,,,49,kelp bass,325,,,,,,,,,
5466,5467,6/20/2013,,,,,,,,,,La Jolla Cove,,,,,Inside,,,,,50,kelp bass,268,,,,,,,,,
5468,5469,6/20/2013,,,,,,,,,,La Jolla Cove,,,,,Inside,,,,,51,kelp bass,253,,,,,,,,,
5471,5472,6/20/2013,10/16/2013,,,,,118,2,,,La Jolla Cove,La Jolla Cove,,,,Inside,Inside,,,,52,kelp bass,285,296,,,,,"released, tag left in place",,,
5473,5474,6/20/2013,6/24/2014,,,,,369,2,,,La Jolla Cove,La Jolla Cove,,,,Inside,Inside,,,,53,kelp bass,279,291,,,,,"released, tag left in place",,,
5483,5484,6/20/2013,,,,,,,,,,La Jolla Cove,,,,,Inside,,,,,27,kelp bass,348,,,,,,,,,
5486,5487,6/20/2013,,,,,,,,,,La Jolla Cove,,,,,Inside,,,,,,kelp bass,312,,,,,,,,,
5495,5496,6/20/2013,,,,,,,,,,La Jolla Cove,,,,,Inside,,,,,,kelp bass,288,,,,,,,,,
5497,5498,6/20/2013,10/18/2013,,,,,120,2,,,La Jolla Cove,La Jolla Cove,,,,Inside,Inside,,,,,kelp bass,273,283,,,,,"released, tag left in place",,,
5499,5500,6/20/2013,,,,,,,,,,La Jolla Cove,,,,,Inside,,,,,,kelp bass,248,,,,,,,,,
5796,5797,6/17/2013,,,,,,,,,,La Jolla Cove,,,,,Inside,,,,,,kelp bass,359,,,,,,,,,
5890,5891,6/17/2013,,,,,,,,,,La Jolla Cove,,,,,Inside,,,,,,kelp bass,395,,,,,,,,,
6007,6008,6/17/2013,,,,,,,,,,La Jolla Cove,,,,,Inside,,,,,,kelp bass,304,,,,,,,,,
6058,6059,10/18/2013,,,,,,,1,,,La Jolla Cove,,,,,Inside,,,,,82,kelp bass,420,,,,,,the recap date formerly included here (2/12/2016)is really for tag 6083etm removed from tag loss analysis,,,
7104,7105,11/27/2012,,,,,,,,,,La Jolla South,,,,,Inside,,,,,,kelp bass,404,,,,,,,,,
7106,7107,11/27/2012,,,,,,,,,,La Jolla South,,,,,Inside,,,,,,kelp bass,363,,,,,,,,,
7108,7109,11/27/2012,,,,,,,,,,La Jolla South,,,,,Inside,,,,,,kelp bass,378,,,,,,,,,
7110,7111,11/27/2012,,,,,,,,,,La Jolla South,,,,,Inside,,,,,,kelp bass,329,,,,,,,,,
7114,7115,11/27/2012,,,,,,,,,,La Jolla South,,,,,Inside,,,,,,kelp bass,300,,,,,,,,,
7117,7118,11/27/2012,,,,,,,,,,La Jolla South,,,,,Inside,,,,,,kelp bass,280,,,,,,,,,
7119,7120,11/27/2012,,,,,,,,,,La Jolla South,,,,,Inside,,,,,,kelp bass,295,,,,,,,,,
7126,7127,11/27/2012,,,,,,,,,,La Jolla South,,,,,Inside,,,,,,kelp bass,290,,,,,,,,,
7128,7129,11/27/2012,,,,,,,,,,La Jolla South,,,,,Inside,,,,,,kelp bass,328,,,,,,,,,
7130,7131,11/27/2012,,,,,,,,,,La Jolla South,,,,,Inside,,,,,,kelp bass,295,,,,,,,,,
7133,7134,11/27/2012,,,,,,,,,,La Jolla South,,,,,Inside,,,,,,kelp bass,281,,,,,,,,,
7135,7136,11/27/2012,,,,,,,,,,La Jolla South,,,,,Inside,,,,,,kelp bass,365,,,,,,,,,
7141,7142,11/27/2012,,,,,,,,,,La Jolla South,,,,,Inside,,,,,,kelp bass,345,,,,,,,,,
7144,7145,11/27/2012,,,,,,,,,,La Jolla South,,,,,Inside,,,,,,kelp bass,365,,,,,,,,,
7151,7152,11/30/2012,,,,,,,,,,La Jolla,,,,,Outside,,,,,,kelp bass,295,,,,,,,,,
7156,7157,11/30/2012,,,,,,,,,,La Jolla,,,,,Outside,,,,,,kelp bass,264,,,,,,,,,
7158,7159,11/30/2012,,,,,,,,,,La Jolla,,,,,Outside,,,,,,kelp bass,304,,,,,,,,,
7161,7162,11/30/2012,,,,,,,,,,La Jolla,,,,,Outside,,,,,,kelp bass,265,,,,,,,,,
7167,7168,11/30/2012,,,,,,,,,,La Jolla,,,,,Outside,,,,,,kelp bass,387,,,,,,,,,
7169,7170,11/30/2012,,,,,,,,,,La Jolla,,,,,Outside,,,,,,kelp bass,397,,,,,,,,,
7180,7181,11/30/2012,,,,,,,,,,La Jolla,,,,,Outside,,,,,,kelp bass,289,,,,,,,,,
7192,7193,11/30/2012,,,,,,,,,,La Jolla,,,,,Outside,,,,,,kelp bass,303,,,,,,,,,
7194,7195,11/30/2012,,,,,,,,,,La Jolla,,,,,Outside,,,,,,kelp bass,310,,,,,,,,,
7196,7197,11/30/2012,,,,,,,,,,La Jolla,,,,,Outside,,,,,,kelp bass,359,,,,,,,,,
7198,7199,11/30/2012,,,,,,,,,,La Jolla,,,,,Outside,,,,,,kelp bass,293,,,,,,,,,
7203,7204,11/27/2012,,,,,,,,,,La Jolla South,,,,,Inside,,,,,,kelp bass,268,,,,,,,,,
7205,7206,11/27/2012,,,,,,,,,,La Jolla South,,,,,Inside,,,,,,kelp bass,264,,,,,,,,,
7208,7209,11/27/2012,,,,,,,,,,La Jolla South,,,,,Inside,,,,,,kelp bass,260,,,,,,,,,
7210,7211,11/27/2012,,,,,,,,,,La Jolla South,,,,,Inside,,,,,,kelp bass,285,,,,,,,,,
7212,7213,11/27/2012,,,,,,,,,,La Jolla South,,,,,Inside,,,,,,kelp bass,355,,,,,,,,,
7216,7217,11/30/2012,,,,,,,,,,La Jolla,,,,,Outside,,,,,,kelp bass,299,,,,,,,,,
7219,7220,11/30/2012,,,,,,,,,,La Jolla,,,,,Outside,,,,,,kelp bass,268,,,,,,,,,
7222,7223,11/30/2012,,,,,,,,,,La Jolla,,,,,Outside,,,,,,kelp bass,339,,,,,,,,,
7224,7225,11/30/2012,,,,,,,,,,La Jolla,,,,,Outside,,,,,,barred sand bass,273,,,,,,,,,
7226,7227,11/27/2012,6/12/2013,,,197,,,1,,,La Jolla South,La Jolla South,,,,Inside,Inside,,,,,kelp bass,271,269,,,,,"released, tag left in place",,,
7230,7231,11/27/2012,,,,,,,,,,La Jolla South,,,,,Inside,,,,,,kelp bass,439,,,,,,,,,
7233,7234,11/27/2012,,,,,,,,,,La Jolla South,,,,,Inside,,,,,,kelp bass,348,,,,,,,,,
7236,7237,11/27/2012,,,,,,,,,,La Jolla South,,,,,Inside,,,,,,kelp bass,315,,,,,,,,,
7242,7243,11/27/2012,,,,,,,,,,La Jolla South,,,,,Inside,,,,,,kelp bass,312,,,,,,,,,
7245,7246,11/27/2012,,,,,,,,,,La Jolla South,,,,,Inside,,,,,,kelp bass,319,,,,,,,,,
7247,7248,11/27/2012,,,,,,,,,,La Jolla South,,,,,Inside,,,,,,kelp bass,468,,,,,,,,,
7252,7253,11/30/2012,,,,,,,,,,La Jolla,,,,,Outside,,,,,,kelp bass,290,,,,,,,,,
7256,7257,11/30/2012,,,,,,,,,,La Jolla,,,,,Outside,,,,,,kelp bass,331,,,,,,,,,
7260,7261,11/30/2012,,,,,,,,,,La Jolla,,,,,Outside,,,,,,kelp bass,277,,,,,,,,,
7262,7263,11/30/2012,4/21/2013,,,142,,,2,,,La Jolla,La Jolla,,,,Outside,Outside,,,,,kelp bass,284,,,,,,released without tag,,,
7264,7265,11/30/2012,,,,,,,,,,La Jolla,,,,,Outside,,,,,,kelp bass,262,,,,,,,,,
7268,7269,11/30/2012,,,,,,,,,,La Jolla,,,,,Outside,,,,,,kelp bass,293,,,,,,,,,
7272,7273,11/30/2012,,,,,,,,,,La Jolla,,,,,Outside,,,,,,kelp bass,341,,,,,,,,,
7274,7275,11/30/2012,,,,,,,,,,La Jolla,,,,,Outside,,,,,,kelp bass,260,,,,,,,,,
7302,7303,11/30/2012,6/19/2014,,,,,566,1,,,La Jolla,La Jolla,,,,Outside,Outside,,,,,kelp bass,259,273,,,,,"released, tag left in place",,,
7304,7305,11/30/2012,,,,,,,,,,La Jolla,,,,,Outside,,,,,,kelp bass,283,,,,,,,,,
7312,7313,11/30/2012,,,,,,,,,,La Jolla,,,,,Outside,,,,,,kelp bass,272,,,,,,,,,
7315,7316,11/30/2012,,,,,,,,,,La Jolla,,,,,Outside,,,,,,kelp bass,247,,,,,,,,,
7318,7319,11/30/2012,,,,,,,,,,La Jolla,,,,,Outside,,,,,,kelp bass,315,,,,,,,,,
7324,7325,11/30/2012,6/18/2013,,,,,,2,,,La Jolla,La Jolla,,,,Outside,Outside,,,,,kelp bass,337,,,,,,"released, tag left in place",,,
7326,7327,11/30/2012,,,,,,,,,,La Jolla,,,,,Outside,,,,,,kelp bass,295,,,,,,,,,
7329,7330,11/30/2012,,,,,,,,,,La Jolla,,,,,Outside,,,,,,kelp bass,348,,,,,,,,,
7348,7349,11/30/2012,,,,,,,,,,La Jolla,,,,,Outside,,,,,,kelp bass,298,,,,,,,,,
7352,7353,11/30/2012,6/11/2013,3/20/2014,,193,475,,2,2,,La Jolla,La Jolla,La Jolla,,,Outside,Outside,Outside,,,,kelp bass,303,,305,,,,"released, tag left in place","released, tag left in place",,
7355,7356,11/30/2012,6/12/2013,6/14/2013,,194,196,,2,2,,La Jolla,La Jolla,La Jolla,,,Outside,Outside,Outside,,,,kelp bass,275,,280,,,,"released, tag left in place","released, tag left in place",,
7359,7360,11/30/2012,,,,,,,,,,La Jolla,,,,,Outside,,,,,,kelp bass,386,,,,,,,,,
7363,7364,11/30/2012,,,,,,,,,,La Jolla,,,,,Outside,,,,,,kelp bass,270,,,,,,,,,
7381,7380,11/30/2012,,,,,,,,,,La Jolla,,,,,Outside,,,,,,kelp bass,281,,,,,,,,,
7383,7382,11/30/2012,,,,,,,,,,La Jolla,,,,,Outside,,,,,,kelp bass,255,,,,,,,,,
7389,7388,11/30/2012,,,,,,,,,,La Jolla,,,,,Outside,,,,,,kelp bass,356,,,,,,,,,
7394,7393,11/30/2012,,,,,,,,,,La Jolla,,,,,Outside,,,,,,kelp bass,352,,,,,,,,,
7397,7396,11/30/2012,,,,,,,,,,La Jolla,,,,,Outside,,,,,,kelp bass,416,,,,,,,,,
7404,7405,11/30/2012,,,,,,,,,,La Jolla,,,,,Outside,,,,,,kelp bass,254,,,,,,,,,
7406,7407,11/30/2012,,,,,,,,,,La Jolla,,,,,Outside,,,,,,kelp bass,328,,,,,,,,,
7409,7410,11/30/2012,,,,,,,,,,La Jolla,,,,,Outside,,,,,,kelp bass,324,,,,,,,,,
7411,7412,11/30/2012,,,,,,,,,,La Jolla,,,,,Outside,,,,,,kelp bass,290,,,,,,,,,
7414,7415,11/30/2012,,,,,,,,,,La Jolla,,,,,Outside,,,,,,kelp bass,343,,,,,,,,,
7416,7417,11/30/2012,,,,,,,,,,La Jolla,,,,,Outside,,,,,,kelp bass,293,,,,,,,,,
7418,7419,11/30/2012,,,,,,,,,,La Jolla,,,,,Outside,,,,,,kelp bass,240,,,,,,,,,
7420,7421,11/30/2012,,,,,,,,,,La Jolla,,,,,Outside,,,,,,kelp bass,276,,,,,,,,,
7426,7427,11/30/2012,,,,,,,,,,La Jolla,,,,,Outside,,,,,,kelp bass,233,,,,,,,,,
7428,7429,11/30/2012,,,,,,,,,,La Jolla,,,,,Outside,,,,,,kelp bass,unknown,,,,,,,,,
7430,7431,11/30/2012,,,,,,,,,,La Jolla,,,,,Outside,,,,,,kelp bass,404,,,,,,,,,
7437,7438,11/30/2012,,,,,,,,,,La Jolla,,,,,Outside,,,,,,kelp bass,325,,,,,,,,,
7440,7441,11/30/2012,,,,,,,,,,La Jolla,,,,,Outside,,,,,,kelp bass,390,,,,,,,,,
7447,7448,11/30/2012,,,,,,,,,,La Jolla,,,,,Outside,,,,,,kelp bass,350,,,,,,,,,
7449,7450,11/30/2012,,,,,,,,,,La Jolla,,,,,Outside,,,,,,kelp bass,280,,,,,,,,,
7545,7546,1/9/2013,,,,,,,,,,Mission Bay,,,,,Outside,,,,,,spotted sand bass,229,,,,,,,,,
8118,8119,6/28/2013,,,,,,,,,,La Jolla South,,,,,Inside,,,,,,kelp bass,405,,,,,,,,,
8615,8616,10/7/2013,,,,,,,,,,La Jolla South,,,,,Inside,,,,,,kelp bass,192,,,,,,,,,
8827,8828,6/28/2013,,,,,,,,,,La Jolla South,,,,,Inside,,,,,,kelp bass,325,,,,,,,,,
8902,8901,6/28/2013,,,,,,,,,,La Jolla,,,,,Outside,,,,,,kelp bass,284,,,,,,,,,
8965,8966,10/4/2013,,,,,,,,,,La Jolla,,,,,Outside,,,,,,kelp bass,233,,,,,,,,,
9309,9310,6/28/2013,,,,,,,,,,La Jolla South,,,,,Inside,,,,,,kelp bass,360,,,,,,,,,
9311,9312,6/28/2013,,,,,,,,,,La Jolla South,,,,,Inside,,,,,,kelp bass,302,,,,,,,,,
9315,9316,6/28/2013,,,,,,,,,,La Jolla South,,,,,Inside,,,,,,kelp bass,290,,,,,,,,,
9381,9382,6/28/2013,,,,,,,,,,La Jolla South,,,,,Inside,,,,,,kelp bass,389,,,,,,,,,
9398,9399,6/28/2013,,,,,,,,,,La Jolla South,,,,,Inside,,,,,,kelp bass,365,,,,,,,,,
9848,9849,7/1/2013,,,,,,,,,,La Jolla,,,,,Outside,,,,,,kelp bass,211,,,,,,,,,
10506,10507,10/2/2013,,,,,,,,,,La Jolla South,,,,,Inside,,,,,,kelp bass,252,,,,,,,,,
10635,10636,7/25/2013,,,,,,,,,,Imperial Beach / Tijuana,,,,,Outside,,,,,,barred sand bass,431,,,,,,,,,
11774,11775,3/12/2014,,,,,,,,,,San Diego Bay,,,,,Outside,,,,,,spotted sand bass,210,,,,,,,,,
14634,14635,5/29/2014,,,,,,,,,,La Jolla,,,,,Outside,,,,,,kelp bass,248,,,,,,,,,
15055,15056,5/29/2014,,,,,,,,,,La Jolla,,,,,Outside,,,,,,kelp bass,350,,,,,,,,,
15083,15084,5/29/2014,,,,,,,,,,La Jolla,,,,,Outside,,,,,,kelp bass,381,,,,,,,,,
15087,15088,5/29/2014,,,,,,,,,,La Jolla,,,,,Outside,,,,,,kelp bass,333,,,,,,,,,
16024,16025,6/24/2014,,,,,,,,,,La Jolla Cove,,,,,Inside,,,,,,kelp bass,344,,,,,,,,,
16368,16369,6/24/2014,,,,,,,,,,La Jolla Cove,,,,,Inside,,,,,,kelp bass,369,,,,,,,,,
19671,19672,7/1/2014,,,,,,,,,,La Jolla Cove,,,,,Inside,,,,,,kelp bass,275,,,,,,,,,
,1667,11/2/2012,,,,,,,,,,La Jolla,,,,,Outside,,,,,,kelp bass,228,,,,,,,,,
